fecha;anio;mes;dia_mes;dia_semana_num;semana_anio;es_fanesca_temporada;es_colada_temporada;es_inicio_mes;es_quincena;es_fin_mes;es_lunes;es_martes;es_miercoles;es_jueves;es_viernes;mes_sin;mes_cos;dia_semana_sin;dia_semana_cos;tendencia;tendencia_log;crecimiento_anual;preciomenu;preciosopa;fanesca_precio;coladamorada_precio;almuerzo;sopa;fanesca;colada_morada
2023-01-02 00:00:00;2023;1;2;0;1;0;0;1;0;0;1;0;0;0;0;0,5;0,866025404;0;1;0;0;0;4;1,5;7;2;104;72;0;0
2023-01-03 00:00:00;2023;1;3;1;1;0;0;1;0;0;0;1;0;0;0;0,5;0,866025404;0,951056516;0,309016994;1;0,693147181;0;4;1,5;7;2;106;54;0;0
2023-01-04 00:00:00;2023;1;4;2;1;0;0;1;0;0;0;0;1;0;0;0,5;0,866025404;0,587785252;-0,809016994;2;1,098612289;0;4;1,5;7;2;97;72;0;0
2023-01-05 00:00:00;2023;1;5;3;1;0;0;1;0;0;0;0;0;1;0;0,5;0,866025404;-0,587785252;-0,809016994;3;1,386294361;0;4;1,5;7;2;103;0;0;0
2023-01-06 00:00:00;2023;1;6;4;1;0;0;0;0;0;0;0;0;0;1;0,5;0,866025404;-0,951056516;0,309016994;4;1,609437912;0;4;1,5;7;2;123;0;0;0
2023-01-09 00:00:00;2023;1;9;0;2;0;0;0;0;0;1;0;0;0;0;0,5;0,866025404;0;1;7;2,079441542;0;4;1,5;7;2;86;106;0;0
2023-01-10 00:00:00;2023;1;10;1;2;0;0;0;0;0;0;1;0;0;0;0,5;0,866025404;0,951056516;0,309016994;8;2,197224577;0;4;1,5;7;2;106;59;0;0
2023-01-11 00:00:00;2023;1;11;2;2;0;0;0;0;0;0;0;1;0;0;0,5;0,866025404;0,587785252;-0,809016994;9;2,302585093;0;4;1,5;7;2;99;56;0;0
2023-01-12 00:00:00;2023;1;12;3;2;0;0;0;0;0;0;0;0;1;0;0,5;0,866025404;-0,587785252;-0,809016994;10;2,397895273;0;4;1,5;7;2;104;41;0;0
2023-01-13 00:00:00;2023;1;13;4;2;0;0;0;1;0;0;0;0;0;1;0,5;0,866025404;-0,951056516;0,309016994;11;2,48490665;0;4;1,5;7;2;114;70;0;0
2023-01-16 00:00:00;2023;1;16;0;3;0;0;0;1;0;1;0;0;0;0;0,5;0,866025404;0;1;14;2,708050201;0;4;1,5;7;2;87;94;0;0
2023-01-17 00:00:00;2023;1;17;1;3;0;0;0;1;0;0;1;0;0;0;0,5;0,866025404;0,951056516;0,309016994;15;2,772588722;0;4;1,5;7;2;90;49;0;0
2023-01-18 00:00:00;2023;1;18;2;3;0;0;0;0;0;0;0;1;0;0;0,5;0,866025404;0,587785252;-0,809016994;16;2,833213344;0;4;1,5;7;2;84;60;0;0
2023-01-19 00:00:00;2023;1;19;3;3;0;0;0;0;0;0;0;0;1;0;0,5;0,866025404;-0,587785252;-0,809016994;17;2,890371758;0;4;1,5;7;2;94;44;0;0
2023-01-20 00:00:00;2023;1;20;4;3;0;0;0;0;0;0;0;0;0;1;0,5;0,866025404;-0,951056516;0,309016994;18;2,944438979;0;4;1,5;7;2;111;82;0;0
2023-01-23 00:00:00;2023;1;23;0;4;0;0;0;0;0;1;0;0;0;0;0,5;0,866025404;0;1;21;3,091042453;0;4;1,5;7;2;80;99;0;0
2023-01-24 00:00:00;2023;1;24;1;4;0;0;0;0;0;0;1;0;0;0;0,5;0,866025404;0,951056516;0,309016994;22;3,135494216;0;4;1,5;7;2;93;52;0;0
2023-01-25 00:00:00;2023;1;25;2;4;0;0;0;0;1;0;0;1;0;0;0,5;0,866025404;0,587785252;-0,809016994;23;3,17805383;0;4;1,5;7;2;101;45;0;0
2023-01-26 00:00:00;2023;1;26;3;4;0;0;0;0;1;0;0;0;1;0;0,5;0,866025404;-0,587785252;-0,809016994;24;3,218875825;0;4;1,5;7;2;111;45;0;0
2023-01-30 00:00:00;2023;1;30;0;5;0;0;0;0;1;1;0;0;0;0;0,5;0,866025404;0;1;28;3,36729583;0;4;1,5;7;2;127;83;0;0
2023-01-31 00:00:00;2023;1;31;1;5;0;0;0;0;1;0;1;0;0;0;0,5;0,866025404;0,951056516;0,309016994;29;3,401197382;0;4;1,5;7;2;89;57;0;0
2023-02-01 00:00:00;2023;2;1;2;5;1;0;1;0;0;0;0;1;0;0;0,866025404;0,5;0,587785252;-0,809016994;30;3,433987204;0;4;1,5;7;2;99;0;0;0
2023-02-02 00:00:00;2023;2;2;3;5;1;0;1;0;0;0;0;0;1;0;0,866025404;0,5;-0,587785252;-0,809016994;31;3,465735903;0;4;1,5;7;2;107;0;0;0
2023-02-03 00:00:00;2023;2;3;4;5;1;0;1;0;0;0;0;0;0;1;0,866025404;0,5;-0,951056516;0,309016994;32;3,496507561;0;4;1,5;7;2;87;99;0;0
2023-02-06 00:00:00;2023;2;6;0;6;1;0;0;0;0;1;0;0;0;0;0,866025404;0,5;0;1;35;3,583518938;0;4;1,5;7;2;102;78;0;0
2023-02-07 00:00:00;2023;2;7;1;6;1;0;0;0;0;0;1;0;0;0;0,866025404;0,5;0,951056516;0,309016994;36;3,610917913;0;4;1,5;7;2;92;72;0;0
2023-02-08 00:00:00;2023;2;8;2;6;1;0;0;0;0;0;0;1;0;0;0,866025404;0,5;0,587785252;-0,809016994;37;3,63758616;0;4;1,5;7;2;92;62;0;0
2023-02-09 00:00:00;2023;2;9;3;6;1;0;0;0;0;0;0;0;1;0;0,866025404;0,5;-0,587785252;-0,809016994;38;3,663561646;0;4;1,5;7;2;83;66;0;0
2023-02-10 00:00:00;2023;2;10;4;6;1;0;0;0;0;0;0;0;0;1;0,866025404;0,5;-0,951056516;0,309016994;39;3,688879454;0;4;1,5;7;2;103;75;0;0
2023-02-13 00:00:00;2023;2;13;0;7;1;0;0;1;0;1;0;0;0;0;0,866025404;0,5;0;1;42;3,761200116;0;4;1,5;7;2;117;65;0;0
2023-02-14 00:00:00;2023;2;14;1;7;1;0;0;1;0;0;1;0;0;0;0,866025404;0,5;0,951056516;0,309016994;43;3,784189634;0;4;1,5;7;2;101;62;0;0
2023-02-15 00:00:00;2023;2;15;2;7;1;0;0;1;0;0;0;1;0;0;0,866025404;0,5;0,587785252;-0,809016994;44;3,80666249;0;4;1,5;7;2;83;0;12;0
2023-02-16 00:00:00;2023;2;16;3;7;1;0;0;1;0;0;0;0;1;0;0,866025404;0,5;-0,587785252;-0,809016994;45;3,828641396;0;4;1,5;7;2;97;35;16;0
2023-02-17 00:00:00;2023;2;17;4;7;1;0;0;1;0;0;0;0;0;1;0,866025404;0,5;-0,951056516;0,309016994;46;3,850147602;0;4;1,5;7;2;98;73;16;0
2023-02-20 00:00:00;2023;2;20;0;8;1;0;0;0;0;1;0;0;0;0;0,866025404;0,5;0;1;49;3,912023005;0;4;1,5;7;2;104;60;22;0
2023-02-23 00:00:00;2023;2;23;3;8;1;0;0;0;0;0;0;0;1;0;0,866025404;0,5;-0,587785252;-0,809016994;52;3,970291914;0;4;1,5;7;2;89;36;54;0
2023-02-24 00:00:00;2023;2;24;4;8;1;0;0;0;0;0;0;0;0;1;0,866025404;0,5;-0,951056516;0,309016994;53;3,988984047;0;4;1,5;7;2;92;67;19;0
2023-02-27 00:00:00;2023;2;27;0;9;1;0;0;0;1;1;0;0;0;0;0,866025404;0,5;0;1;56;4,043051268;0;4;1,5;7;2;76;94;19;0
2023-02-28 00:00:00;2023;2;28;1;9;1;0;0;0;1;0;1;0;0;0;0,866025404;0,5;0,951056516;0,309016994;57;4,060443011;0;4;1,5;7;2;88;37;17;0
2023-03-01 00:00:00;2023;3;1;2;9;1;0;1;0;0;0;0;1;0;0;1;6,12323E-17;0,587785252;-0,809016994;58;4,077537444;0;4;1,5;7;2;85;46;14;0
2023-03-02 00:00:00;2023;3;2;3;9;1;0;1;0;0;0;0;0;1;0;1;6,12323E-17;-0,587785252;-0,809016994;59;4,094344562;0;4;1,5;7;2;79;61;19;0
2023-03-03 00:00:00;2023;3;3;4;9;1;0;1;0;0;0;0;0;0;1;1;6,12323E-17;-0,951056516;0,309016994;60;4,110873864;0;4;1,5;7;2;73;87;18;0
2023-03-06 00:00:00;2023;3;6;0;10;1;0;0;0;0;1;0;0;0;0;1;6,12323E-17;0;1;63;4,158883083;0;4;1,5;7;2;105;91;0;0
2023-03-07 00:00:00;2023;3;7;1;10;1;0;0;0;0;0;1;0;0;0;1;6,12323E-17;0,951056516;0,309016994;64;4,17438727;0;4;1,5;7;2;73;42;0;0
2023-03-08 00:00:00;2023;3;8;2;10;1;0;0;0;0;0;0;1;0;0;1;6,12323E-17;0,587785252;-0,809016994;65;4,189654742;0;4;1,5;7;2;91;53;0;0
2023-03-09 00:00:00;2023;3;9;3;10;1;0;0;0;0;0;0;0;1;0;1;6,12323E-17;-0,587785252;-0,809016994;66;4,204692619;0;4;1,5;7;2;116;41;0;0
2023-03-10 00:00:00;2023;3;10;4;10;1;0;0;0;0;0;0;0;0;1;1;6,12323E-17;-0,951056516;0,309016994;67;4,219507705;0;4;1,5;7;2;110;63;0;0
2023-03-13 00:00:00;2023;3;13;0;11;1;0;0;1;0;1;0;0;0;0;1;6,12323E-17;0;1;70;4,262679877;0;4;1,5;7;2;109;76;0;0
2023-03-14 00:00:00;2023;3;14;1;11;1;0;0;1;0;0;1;0;0;0;1;6,12323E-17;0,951056516;0,309016994;71;4,276666119;0;4;1,5;7;2;136;0;0;0
2023-03-15 00:00:00;2023;3;15;2;11;1;0;0;1;0;0;0;1;0;0;1;6,12323E-17;0,587785252;-0,809016994;72;4,290459441;0;4;1,5;7;2;98;37;0;0
2023-03-16 00:00:00;2023;3;16;3;11;1;0;0;1;0;0;0;0;1;0;1;6,12323E-17;-0,587785252;-0,809016994;73;4,304065093;0;4;1,5;7;2;85;40;0;0
2023-03-17 00:00:00;2023;3;17;4;11;1;0;0;1;0;0;0;0;0;1;1;6,12323E-17;-0,951056516;0,309016994;74;4,317488114;0;4;1,5;7;2;96;58;0;0
2023-03-20 00:00:00;2023;3;20;0;12;1;0;0;0;0;1;0;0;0;0;1;6,12323E-17;0;1;77;4,356708827;0;4;1,5;7;2;88;98;0;0
2023-03-21 00:00:00;2023;3;21;1;12;1;0;0;0;0;0;1;0;0;0;1;6,12323E-17;0,951056516;0,309016994;78;4,369447852;0;4;1,5;7;2;90;66;0;0
2023-03-22 00:00:00;2023;3;22;2;12;1;0;0;0;0;0;0;1;0;0;1;6,12323E-17;0,587785252;-0,809016994;79;4,382026635;0;4;1,5;7;2;90;70;0;0
2023-03-23 00:00:00;2023;3;23;3;12;1;0;0;0;0;0;0;0;1;0;1;6,12323E-17;-0,587785252;-0,809016994;80;4,394449155;0;4;1,5;7;2;78;33;0;0
2023-03-24 00:00:00;2023;3;24;4;12;1;0;0;0;0;0;0;0;0;1;1;6,12323E-17;-0,951056516;0,309016994;81;4,406719247;0;4;1,5;7;2;76;69;0;0
2023-03-27 00:00:00;2023;3;27;0;13;1;0;0;0;1;1;0;0;0;0;1;6,12323E-17;0;1;84;4,442651256;0;4;1,5;7;2;93;78;0;0
2023-03-28 00:00:00;2023;3;28;1;13;1;0;0;0;1;0;1;0;0;0;1;6,12323E-17;0,951056516;0,309016994;85;4,454347296;0;4;1,5;7;2;80;57;0;0
2023-03-29 00:00:00;2023;3;29;2;13;1;0;0;0;1;0;0;1;0;0;1;6,12323E-17;0,587785252;-0,809016994;86;4,465908119;0;4;1,5;7;2;104;38;0;0
2023-03-30 00:00:00;2023;3;30;3;13;1;0;0;0;1;0;0;0;1;0;1;6,12323E-17;-0,587785252;-0,809016994;87;4,477336814;0;4;1,5;7;2;71;41;0;0
2023-03-31 00:00:00;2023;3;31;4;13;1;0;0;0;1;0;0;0;0;1;1;6,12323E-17;-0,951056516;0,309016994;88;4,48863637;0;4;1,5;7;2;85;65;0;0
2023-04-03 00:00:00;2023;4;3;0;14;0;0;1;0;0;1;0;0;0;0;0,866025404;-0,5;0;1;91;4,521788577;0;4;1,5;7;2;99;75;0;0
2023-04-04 00:00:00;2023;4;4;1;14;0;0;1;0;0;0;1;0;0;0;0,866025404;-0,5;0,951056516;0,309016994;92;4,532599493;0;4;1,5;7;2;112;42;0;0
2023-04-05 00:00:00;2023;4;5;2;14;0;0;1;0;0;0;0;1;0;0;0,866025404;-0,5;0,587785252;-0,809016994;93;4,543294782;0;4;1,5;7;2;91;40;0;0
2023-04-06 00:00:00;2023;4;6;3;14;0;0;0;0;0;0;0;0;1;0;0,866025404;-0,5;-0,587785252;-0,809016994;94;4,553876892;0;4;1,5;7;2;94;58;0;0
2023-04-10 00:00:00;2023;4;10;0;15;0;0;0;0;0;1;0;0;0;0;0,866025404;-0,5;0;1;98;4,59511985;0;4;1,5;7;2;106;0;0;0
2023-04-11 00:00:00;2023;4;11;1;15;0;0;0;0;0;0;1;0;0;0;0,866025404;-0,5;0,951056516;0,309016994;99;4,605170186;0;4;1,5;7;2;87;68;0;0
2023-04-12 00:00:00;2023;4;12;2;15;0;0;0;0;0;0;0;1;0;0;0,866025404;-0,5;0,587785252;-0,809016994;100;4,615120517;0;4;1,5;7;2;79;65;0;0
2023-04-13 00:00:00;2023;4;13;3;15;0;0;0;1;0;0;0;0;1;0;0,866025404;-0,5;-0,587785252;-0,809016994;101;4,624972813;0;4;1,5;7;2;89;34;0;0
2023-04-14 00:00:00;2023;4;14;4;15;0;0;0;1;0;0;0;0;0;1;0,866025404;-0,5;-0,951056516;0,309016994;102;4,634728988;0;4;1,5;7;2;117;70;0;0
2023-04-17 00:00:00;2023;4;17;0;16;0;0;0;1;0;1;0;0;0;0;0,866025404;-0,5;0;1;105;4,663439094;0;4;1,5;7;2;111;73;0;0
2023-04-18 00:00:00;2023;4;18;1;16;0;0;0;0;0;0;1;0;0;0;0,866025404;-0,5;0,951056516;0,309016994;106;4,672828834;0;4;1,5;7;2;105;49;0;0
2023-04-19 00:00:00;2023;4;19;2;16;0;0;0;0;0;0;0;1;0;0;0,866025404;-0,5;0,587785252;-0,809016994;107;4,682131227;0;4;1,5;7;2;94;56;0;0
2023-04-20 00:00:00;2023;4;20;3;16;0;0;0;0;0;0;0;0;1;0;0,866025404;-0,5;-0,587785252;-0,809016994;108;4,691347882;0;4;1,5;7;2;88;0;0;0
2023-04-21 00:00:00;2023;4;21;4;16;0;0;0;0;0;0;0;0;0;1;0,866025404;-0,5;-0,951056516;0,309016994;109;4,700480366;0;4;1,5;7;2;85;97;0;0
2023-04-24 00:00:00;2023;4;24;0;17;0;0;0;0;0;1;0;0;0;0;0,866025404;-0,5;0;1;112;4,727387819;0;4;1,5;7;2;96;77;0;0
2023-04-25 00:00:00;2023;4;25;1;17;0;0;0;0;1;0;1;0;0;0;0,866025404;-0,5;0,951056516;0,309016994;113;4,736198448;0;4;1,5;7;2;96;63;0;0
2023-04-26 00:00:00;2023;4;26;2;17;0;0;0;0;1;0;0;1;0;0;0,866025404;-0,5;0,587785252;-0,809016994;114;4,744932128;0;4;1,5;7;2;104;52;0;0
2023-04-27 00:00:00;2023;4;27;3;17;0;0;0;0;1;0;0;0;1;0;0,866025404;-0,5;-0,587785252;-0,809016994;115;4,753590191;0;4;1,5;7;2;97;54;0;0
2023-04-28 00:00:00;2023;4;28;4;17;0;0;0;0;1;0;0;0;0;1;0,866025404;-0,5;-0,951056516;0,309016994;116;4,762173935;0;4;1,5;7;2;112;85;0;0
2023-05-02 00:00:00;2023;5;2;1;18;0;0;1;0;0;0;1;0;0;0;0,5;-0,866025404;0,951056516;0,309016994;120;4,795790546;0;4;1,5;7;2;102;92;0;0
2023-05-03 00:00:00;2023;5;3;2;18;0;0;1;0;0;0;0;1;0;0;0,5;-0,866025404;0,587785252;-0,809016994;121;4,804021045;0;4;1,5;7;2;107;74;0;0
2023-05-04 00:00:00;2023;5;4;3;18;0;0;1;0;0;0;0;0;1;0;0,5;-0,866025404;-0,587785252;-0,809016994;122;4,812184355;0;4;1,5;7;2;106;65;0;0
2023-05-05 00:00:00;2023;5;5;4;18;0;0;1;0;0;0;0;0;0;1;0,5;-0,866025404;-0,951056516;0,309016994;123;4,820281566;0;4;1,5;7;2;89;88;0;0
2023-05-08 00:00:00;2023;5;8;0;19;0;0;0;0;0;1;0;0;0;0;0,5;-0,866025404;0;1;126;4,844187086;0;4;1,5;7;2;96;81;0;0
2023-05-09 00:00:00;2023;5;9;1;19;0;0;0;0;0;0;1;0;0;0;0,5;-0,866025404;0,951056516;0,309016994;127;4,852030264;0;4;1,5;7;2;94;70;0;0
2023-05-10 00:00:00;2023;5;10;2;19;0;0;0;0;0;0;0;1;0;0;0,5;-0,866025404;0,587785252;-0,809016994;128;4,859812404;0;4;1,5;7;2;113;44;0;0
2023-05-11 00:00:00;2023;5;11;3;19;0;0;0;0;0;0;0;0;1;0;0,5;-0,866025404;-0,587785252;-0,809016994;129;4,86753445;0;4;1,5;7;2;109;50;0;0
2023-05-12 00:00:00;2023;5;12;4;19;0;0;0;0;0;0;0;0;0;1;0,5;-0,866025404;-0,951056516;0,309016994;130;4,875197323;0;4;1,5;7;2;110;79;0;0
2023-05-15 00:00:00;2023;5;15;0;20;0;0;0;1;0;1;0;0;0;0;0,5;-0,866025404;0;1;133;4,8978398;0;4;1,5;7;2;101;79;0;0
2023-05-16 00:00:00;2023;5;16;1;20;0;0;0;1;0;0;1;0;0;0;0,5;-0,866025404;0,951056516;0,309016994;134;4,905274778;0;4;1,5;7;2;74;52;0;0
2023-05-17 00:00:00;2023;5;17;2;20;0;0;0;1;0;0;0;1;0;0;0,5;-0,866025404;0,587785252;-0,809016994;135;4,912654886;0;4;1,5;7;2;75;58;0;0
2023-05-18 00:00:00;2023;5;18;3;20;0;0;0;0;0;0;0;0;1;0;0,5;-0,866025404;-0,587785252;-0,809016994;136;4,919980926;0;4;1,5;7;2;82;55;0;0
2023-05-19 00:00:00;2023;5;19;4;20;0;0;0;0;0;0;0;0;0;1;0,5;-0,866025404;-0,951056516;0,309016994;137;4,927253685;0;4;1,5;7;2;90;88;0;0
2023-05-22 00:00:00;2023;5;22;0;21;0;0;0;0;0;1;0;0;0;0;0,5;-0,866025404;0;1;140;4,94875989;0;4;1,5;7;2;93;93;0;0
2023-05-23 00:00:00;2023;5;23;1;21;0;0;0;0;0;0;1;0;0;0;0,5;-0,866025404;0,951056516;0,309016994;141;4,955827058;0;4;1,5;7;2;120;55;0;0
2023-05-24 00:00:00;2023;5;24;2;21;0;0;0;0;0;0;0;1;0;0;0,5;-0,866025404;0,587785252;-0,809016994;142;4,96284463;0;4;1,5;7;2;98;53;0;0
2023-05-25 00:00:00;2023;5;25;3;21;0;0;0;0;1;0;0;0;1;0;0,5;-0,866025404;-0,587785252;-0,809016994;143;4,9698133;0;4;1,5;7;2;91;96;0;0
2023-05-29 00:00:00;2023;5;29;0;22;0;0;0;0;1;1;0;0;0;0;0,5;-0,866025404;0;1;147;4,997212274;0;4;1,5;7;2;108;0;0;0
2023-05-30 00:00:00;2023;5;30;1;22;0;0;0;0;1;0;1;0;0;0;0,5;-0,866025404;0,951056516;0,309016994;148;5,003946306;0;4;1,5;7;2;85;40;0;0
2023-05-31 00:00:00;2023;5;31;2;22;0;0;0;0;1;0;0;1;0;0;0,5;-0,866025404;0,587785252;-0,809016994;149;5,010635294;0;4;1,5;7;2;89;65;0;0
2023-06-01 00:00:00;2023;6;1;3;22;0;0;1;0;0;0;0;0;1;0;1,22465E-16;-1;-0,587785252;-0,809016994;150;5,017279837;0;4;1,5;7;2;91;35;0;0
2023-06-02 00:00:00;2023;6;2;4;22;0;0;1;0;0;0;0;0;0;1;1,22465E-16;-1;-0,951056516;0,309016994;151;5,023880521;0;4;1,5;7;2;115;0;0;0
2023-06-05 00:00:00;2023;6;5;0;23;0;0;1;0;0;1;0;0;0;0;1,22465E-16;-1;0;1;154;5,043425117;0;4;1,5;7;2;115;82;0;0
2023-06-06 00:00:00;2023;6;6;1;23;0;0;0;0;0;0;1;0;0;0;1,22465E-16;-1;0,951056516;0,309016994;155;5,049856007;0;4;1,5;7;2;79;60;0;0
2023-06-07 00:00:00;2023;6;7;2;23;0;0;0;0;0;0;0;1;0;0;1,22465E-16;-1;0,587785252;-0,809016994;156;5,056245805;0;4;1,5;7;2;103;42;0;0
2023-06-08 00:00:00;2023;6;8;3;23;0;0;0;0;0;0;0;0;1;0;1,22465E-16;-1;-0,587785252;-0,809016994;157;5,062595033;0;4;1,5;7;2;94;49;0;0
2023-06-09 00:00:00;2023;6;9;4;23;0;0;0;0;0;0;0;0;0;1;1,22465E-16;-1;-0,951056516;0,309016994;158;5,068904202;0;4;1,5;7;2;115;90;0;0
2023-06-12 00:00:00;2023;6;12;0;24;0;0;0;0;0;1;0;0;0;0;1,22465E-16;-1;0;1;161;5,087596335;0;4;1,5;7;2;87;76;0;0
2023-06-13 00:00:00;2023;6;13;1;24;0;0;0;1;0;0;1;0;0;0;1,22465E-16;-1;0,951056516;0,309016994;162;5,093750201;0;4;1,5;7;2;117;0;0;0
2023-06-14 00:00:00;2023;6;14;2;24;0;0;0;1;0;0;0;1;0;0;1,22465E-16;-1;0,587785252;-0,809016994;163;5,099866428;0;4;1,5;7;2;99;35;0;0
2023-06-15 00:00:00;2023;6;15;3;24;0;0;0;1;0;0;0;0;1;0;1,22465E-16;-1;-0,587785252;-0,809016994;164;5,105945474;0;4;1,5;7;2;91;75;0;0
2023-06-16 00:00:00;2023;6;16;4;24;0;0;0;1;0;0;0;0;0;1;1,22465E-16;-1;-0,951056516;0,309016994;165;5,111987788;0;4;1,5;7;2;86;91;0;0
2023-06-19 00:00:00;2023;6;19;0;25;0;0;0;0;0;1;0;0;0;0;1,22465E-16;-1;0;1;168;5,129898715;0;4;1,5;7;2;102;0;0;0
2023-06-20 00:00:00;2023;6;20;1;25;0;0;0;0;0;0;1;0;0;0;1,22465E-16;-1;0,951056516;0,309016994;169;5,135798437;0;4;1,5;7;2;92;72;0;0
2023-06-21 00:00:00;2023;6;21;2;25;0;0;0;0;0;0;0;1;0;0;1,22465E-16;-1;0,587785252;-0,809016994;170;5,141663557;0;4;1,5;7;2;91;51;0;0
2023-06-22 00:00:00;2023;6;22;3;25;0;0;0;0;0;0;0;0;1;0;1,22465E-16;-1;-0,587785252;-0,809016994;171;5,147494477;0;4;1,5;7;2;88;58;0;0
2023-06-23 00:00:00;2023;6;23;4;25;0;0;0;0;0;0;0;0;0;1;1,22465E-16;-1;-0,951056516;0,309016994;172;5,153291594;0;4;1,5;7;2;91;92;0;0
2023-06-26 00:00:00;2023;6;26;0;26;0;0;0;0;1;1;0;0;0;0;1,22465E-16;-1;0;1;175;5,170483995;0;4;1,5;7;2;105;81;0;0
2023-06-27 00:00:00;2023;6;27;1;26;0;0;0;0;1;0;1;0;0;0;1,22465E-16;-1;0,951056516;0,309016994;176;5,176149733;0;4;1,5;7;2;97;61;0;0
2023-06-28 00:00:00;2023;6;28;2;26;0;0;0;0;1;0;0;1;0;0;1,22465E-16;-1;0,587785252;-0,809016994;177;5,18178355;0;4;1,5;7;2;90;0;0;0
2023-06-29 00:00:00;2023;6;29;3;26;0;0;0;0;1;0;0;0;1;0;1,22465E-16;-1;-0,587785252;-0,809016994;178;5,187385806;0;4;1,5;7;2;99;36;0;0
2023-06-30 00:00:00;2023;6;30;4;26;0;0;0;0;1;0;0;0;0;1;1,22465E-16;-1;-0,951056516;0,309016994;179;5,192956851;0;4;1,5;7;2;100;81;0;0
2023-07-03 00:00:00;2023;7;3;0;27;0;0;1;0;0;1;0;0;0;0;-0,5;-0,866025404;0;1;182;5,209486153;0;4;1,5;7;2;88;87;0;0
2023-07-04 00:00:00;2023;7;4;1;27;0;0;1;0;0;0;1;0;0;0;-0,5;-0,866025404;0,951056516;0,309016994;183;5,214935758;0;4;1,5;7;2;85;50;0;0
2023-07-05 00:00:00;2023;7;5;2;27;0;0;1;0;0;0;0;1;0;0;-0,5;-0,866025404;0,587785252;-0,809016994;184;5,220355825;0;4;1,5;7;2;117;50;0;0
2023-07-06 00:00:00;2023;7;6;3;27;0;0;0;0;0;0;0;0;1;0;-0,5;-0,866025404;-0,587785252;-0,809016994;185;5,225746674;0;4;1,5;7;2;103;52;0;0
2023-07-07 00:00:00;2023;7;7;4;27;0;0;0;0;0;0;0;0;0;1;-0,5;-0,866025404;-0,951056516;0,309016994;186;5,231108617;0;4;1,5;7;2;104;100;0;0
2023-07-10 00:00:00;2023;7;10;0;28;0;0;0;0;0;1;0;0;0;0;-0,5;-0,866025404;0;1;189;5,247024072;0;4;1,5;7;2;111;76;0;0
2023-07-11 00:00:00;2023;7;11;1;28;0;0;0;0;0;0;1;0;0;0;-0,5;-0,866025404;0,951056516;0,309016994;190;5,252273428;0;4;1,5;7;2;89;71;0;0
2023-07-12 00:00:00;2023;7;12;2;28;0;0;0;0;0;0;0;1;0;0;-0,5;-0,866025404;0,587785252;-0,809016994;191;5,257495372;0;4;1,5;7;2;105;73;0;0
2023-07-13 00:00:00;2023;7;13;3;28;0;0;0;1;0;0;0;0;1;0;-0,5;-0,866025404;-0,587785252;-0,809016994;192;5,262690189;0;4;1,5;7;2;92;61;0;0
2023-07-14 00:00:00;2023;7;14;4;28;0;0;0;1;0;0;0;0;0;1;-0,5;-0,866025404;-0,951056516;0,309016994;193;5,267858159;0;4;1,5;7;2;116;0;0;0
2023-07-17 00:00:00;2023;7;17;0;29;0;0;0;1;0;1;0;0;0;0;-0,5;-0,866025404;0;1;196;5,283203729;0;4;1,5;7;2;113;68;0;0
2023-07-18 00:00:00;2023;7;18;1;29;0;0;0;0;0;0;1;0;0;0;-0,5;-0,866025404;0,951056516;0,309016994;197;5,288267031;0;4;1,5;7;2;98;40;0;0
2023-07-19 00:00:00;2023;7;19;2;29;0;0;0;0;0;0;0;1;0;0;-0,5;-0,866025404;0,587785252;-0,809016994;198;5,293304825;0;4;1,5;7;2;115;50;0;0
2023-07-20 00:00:00;2023;7;20;3;29;0;0;0;0;0;0;0;0;1;0;-0,5;-0,866025404;-0,587785252;-0,809016994;199;5,298317367;0;4;1,5;7;2;101;35;0;0
2023-07-21 00:00:00;2023;7;21;4;29;0;0;0;0;0;0;0;0;0;1;-0,5;-0,866025404;-0,951056516;0,309016994;200;5,303304908;0;4;1,5;7;2;97;90;0;0
2023-07-24 00:00:00;2023;7;24;0;30;0;0;0;0;0;1;0;0;0;0;-0,5;-0,866025404;0;1;203;5,318119994;0;4;1,5;7;2;80;85;0;0
2023-07-25 00:00:00;2023;7;25;1;30;0;0;0;0;1;0;1;0;0;0;-0,5;-0,866025404;0,951056516;0,309016994;204;5,323009979;0;4;1,5;7;2;90;65;0;0
2023-07-26 00:00:00;2023;7;26;2;30;0;0;0;0;1;0;0;1;0;0;-0,5;-0,866025404;0,587785252;-0,809016994;205;5,327876169;0;4;1,5;7;2;125;46;0;0
2023-07-27 00:00:00;2023;7;27;3;30;0;0;0;0;1;0;0;0;1;0;-0,5;-0,866025404;-0,587785252;-0,809016994;206;5,332718793;0;4;1,5;7;2;111;49;0;0
2023-07-28 00:00:00;2023;7;28;4;30;0;0;0;0;1;0;0;0;0;1;-0,5;-0,866025404;-0,951056516;0,309016994;207;5,33753808;0;4;1,5;7;2;113;73;0;0
2023-07-31 00:00:00;2023;7;31;0;31;0;0;0;0;1;1;0;0;0;0;-0,5;-0,866025404;0;1;210;5,351858133;0;4;1,5;7;2;116;0;0;0
2023-08-01 00:00:00;2023;8;1;1;31;0;0;1;0;0;0;1;0;0;0;-0,866025404;-0,5;0,951056516;0,309016994;211;5,356586275;0;4;1,5;7;2;99;53;0;0
2023-08-02 00:00:00;2023;8;2;2;31;0;0;1;0;0;0;0;1;0;0;-0,866025404;-0,5;0,587785252;-0,809016994;212;5,361292166;0;4;1,5;7;2;95;0;0;0
2023-08-03 00:00:00;2023;8;3;3;31;0;0;1;0;0;0;0;0;1;0;-0,866025404;-0,5;-0,587785252;-0,809016994;213;5,365976015;0;4;1,5;7;2;89;72;0;0
2023-08-04 00:00:00;2023;8;4;4;31;0;0;1;0;0;0;0;0;0;1;-0,866025404;-0,5;-0,951056516;0,309016994;214;5,370638028;0;4;1,5;7;2;104;82;0;0
2023-08-07 00:00:00;2023;8;7;0;32;0;0;0;0;0;1;0;0;0;0;-0,866025404;-0,5;0;1;217;5,384495063;0;4;1,5;7;2;84;91;0;0
2023-08-08 00:00:00;2023;8;8;1;32;0;0;0;0;0;0;1;0;0;0;-0,866025404;-0,5;0,951056516;0,309016994;218;5,38907173;0;4;1,5;7;2;118;41;0;0
2023-08-09 00:00:00;2023;8;9;2;32;0;0;0;0;0;0;0;1;0;0;-0,866025404;-0,5;0,587785252;-0,809016994;219;5,393627546;0;4;1,5;7;2;83;60;0;0
2023-08-10 00:00:00;2023;8;10;3;32;0;0;0;0;0;0;0;0;1;0;-0,866025404;-0,5;-0,587785252;-0,809016994;220;5,398162702;0;4;1,5;7;2;104;86;0;0
2023-08-14 00:00:00;2023;8;14;0;33;0;0;0;1;0;1;0;0;0;0;-0,866025404;-0,5;0;1;224;5,416100402;0;4;1,5;7;2;90;84;0;0
2023-08-15 00:00:00;2023;8;15;1;33;0;0;0;1;0;0;1;0;0;0;-0,866025404;-0,5;0,951056516;0,309016994;225;5,420534999;0;4;1,5;7;2;108;55;0;0
2023-08-16 00:00:00;2023;8;16;2;33;0;0;0;1;0;0;0;1;0;0;-0,866025404;-0,5;0,587785252;-0,809016994;226;5,424950017;0;4;1,5;7;2;72;59;0;0
2023-08-17 00:00:00;2023;8;17;3;33;0;0;0;1;0;0;0;0;1;0;-0,866025404;-0,5;-0,587785252;-0,809016994;227;5,429345629;0;4;1,5;7;2;89;59;0;0
2023-08-18 00:00:00;2023;8;18;4;33;0;0;0;0;0;0;0;0;0;1;-0,866025404;-0,5;-0,951056516;0,309016994;228;5,433722004;0;4;1,5;7;2;116;83;0;0
2023-08-21 00:00:00;2023;8;21;0;34;0;0;0;0;0;1;0;0;0;0;-0,866025404;-0,5;0;1;231;5,446737372;0;4;1,5;7;2;112;65;0;0
2023-08-22 00:00:00;2023;8;22;1;34;0;0;0;0;0;0;1;0;0;0;-0,866025404;-0,5;0,951056516;0,309016994;232;5,451038454;0;4;1,5;7;2;113;0;0;0
2023-08-23 00:00:00;2023;8;23;2;34;0;0;0;0;0;0;0;1;0;0;-0,866025404;-0,5;0,587785252;-0,809016994;233;5,455321115;0;4;1,5;7;2;105;0;0;0
2023-08-24 00:00:00;2023;8;24;3;34;0;0;0;0;0;0;0;0;1;0;-0,866025404;-0,5;-0,587785252;-0,809016994;234;5,459585514;0;4;1,5;7;2;94;52;0;0
2023-08-25 00:00:00;2023;8;25;4;34;0;0;0;0;1;0;0;0;0;1;-0,866025404;-0,5;-0,951056516;0,309016994;235;5,463831805;0;4;1,5;7;2;90;92;0;0
2023-08-28 00:00:00;2023;8;28;0;35;0;0;0;0;1;1;0;0;0;0;-0,866025404;-0,5;0;1;238;5,476463552;0;4;1,5;7;2;94;85;0;0
2023-08-29 00:00:00;2023;8;29;1;35;0;0;0;0;1;0;1;0;0;0;-0,866025404;-0,5;0,951056516;0,309016994;239;5,480638923;0;4;1,5;7;2;78;55;0;0
2023-08-30 00:00:00;2023;8;30;2;35;0;0;0;0;1;0;0;1;0;0;-0,866025404;-0,5;0,587785252;-0,809016994;240;5,484796933;0;4;1,5;7;2;102;55;0;0
2023-08-31 00:00:00;2023;8;31;3;35;0;0;0;0;1;0;0;0;1;0;-0,866025404;-0,5;-0,587785252;-0,809016994;241;5,488937726;0;4;1,5;7;2;0;52;0;0
2023-09-01 00:00:00;2023;9;1;4;35;0;0;1;0;0;0;0;0;0;1;-1;-1,83697E-16;-0,951056516;0,309016994;242;5,493061443;0;4;1,5;7;2;95;91;0;0
2023-09-04 00:00:00;2023;9;4;0;36;0;0;1;0;0;1;0;0;0;0;-1;-1,83697E-16;0;1;245;5,505331536;0;4;1,5;7;2;89;92;0;0
2023-09-05 00:00:00;2023;9;5;1;36;0;0;1;0;0;0;1;0;0;0;-1;-1,83697E-16;0,951056516;0,309016994;246;5,509388337;0;4;1,5;7;2;97;0;0;0
2023-09-06 00:00:00;2023;9;6;2;36;0;0;0;0;0;0;0;1;0;0;-1;-1,83697E-16;0,587785252;-0,809016994;247;5,513428746;0;4;1,5;7;2;107;46;0;0
2023-09-07 00:00:00;2023;9;7;3;36;0;0;0;0;0;0;0;0;1;0;-1;-1,83697E-16;-0,587785252;-0,809016994;248;5,517452896;0;4;1,5;7;2;94;62;0;0
2023-09-08 00:00:00;2023;9;8;4;36;0;0;0;0;0;0;0;0;0;1;-1;-1,83697E-16;-0,951056516;0,309016994;249;5,521460918;0;4;1,5;7;2;82;0;0;0
2023-09-11 00:00:00;2023;9;11;0;37;0;0;0;0;0;1;0;0;0;0;-1;-1,83697E-16;0;1;252;5,533389489;0;4;1,5;7;2;104;94;0;0
2023-09-12 00:00:00;2023;9;12;1;37;0;0;0;0;0;0;1;0;0;0;-1;-1,83697E-16;0,951056516;0,309016994;253;5,537334267;0;4;1,5;7;2;111;55;0;0
2023-09-13 00:00:00;2023;9;13;2;37;0;0;0;1;0;0;0;1;0;0;-1;-1,83697E-16;0,587785252;-0,809016994;254;5,541263545;0;4;1,5;7;2;103;55;0;0
2023-09-14 00:00:00;2023;9;14;3;37;0;0;0;1;0;0;0;0;1;0;-1;-1,83697E-16;-0,587785252;-0,809016994;255;5,545177444;0;4;1,5;7;2;99;36;0;0
2023-09-15 00:00:00;2023;9;15;4;37;0;0;0;1;0;0;0;0;0;1;-1;-1,83697E-16;-0,951056516;0,309016994;256;5,549076085;0;4;1,5;7;2;91;96;0;0
2023-09-18 00:00:00;2023;9;18;0;38;0;0;0;0;0;1;0;0;0;0;-1;-1,83697E-16;0;1;259;5,560681631;0;4;1,5;7;2;123;88;0;0
2023-09-19 00:00:00;2023;9;19;1;38;0;0;0;0;0;0;1;0;0;0;-1;-1,83697E-16;0,951056516;0,309016994;260;5,564520407;0;4;1,5;7;2;91;69;0;0
2023-09-20 00:00:00;2023;9;20;2;38;0;0;0;0;0;0;0;1;0;0;-1;-1,83697E-16;0,587785252;-0,809016994;261;5,568344504;0;4;1,5;7;2;94;65;0;0
2023-09-21 00:00:00;2023;9;21;3;38;0;0;0;0;0;0;0;0;1;0;-1;-1,83697E-16;-0,587785252;-0,809016994;262;5,572154032;0;4;1,5;7;2;129;45;0;0
2023-09-22 00:00:00;2023;9;22;4;38;0;0;0;0;0;0;0;0;0;1;-1;-1,83697E-16;-0,951056516;0,309016994;263;5,575949103;0;4;1,5;7;2;105;61;0;0
2023-09-25 00:00:00;2023;9;25;0;39;0;0;0;0;1;1;0;0;0;0;-1;-1,83697E-16;0;1;266;5,587248658;0;4;1,5;7;2;89;97;0;0
2023-09-26 00:00:00;2023;9;26;1;39;0;0;0;0;1;0;1;0;0;0;-1;-1,83697E-16;0,951056516;0,309016994;267;5,590986981;0;4;1,5;7;2;77;56;0;0
2023-09-27 00:00:00;2023;9;27;2;39;0;0;0;0;1;0;0;1;0;0;-1;-1,83697E-16;0,587785252;-0,809016994;268;5,59471138;0;4;1,5;7;2;110;42;0;0
2023-09-28 00:00:00;2023;9;28;3;39;0;0;0;0;1;0;0;0;1;0;-1;-1,83697E-16;-0,587785252;-0,809016994;269;5,598421959;0;4;1,5;7;2;123;45;0;0
2023-09-29 00:00:00;2023;9;29;4;39;0;0;0;0;1;0;0;0;0;1;-1;-1,83697E-16;-0,951056516;0,309016994;270;5,602118821;0;4;1,5;7;2;75;87;0;0
2023-10-02 00:00:00;2023;10;2;0;40;0;1;1;0;0;1;0;0;0;0;-0,866025404;0,5;0;1;273;5,613128106;0;4;1,5;7;2;80;0;0;21
2023-10-03 00:00:00;2023;10;3;1;40;0;1;1;0;0;0;1;0;0;0;-0,866025404;0,5;0,951056516;0,309016994;274;5,616771098;0;4;1,5;7;2;124;44;0;18
2023-10-04 00:00:00;2023;10;4;2;40;0;1;1;0;0;0;0;1;0;0;-0,866025404;0,5;0,587785252;-0,809016994;275;5,620400866;0;4;1,5;7;2;110;47;0;18
2023-10-05 00:00:00;2023;10;5;3;40;0;1;1;0;0;0;0;0;1;0;-0,866025404;0,5;-0,587785252;-0,809016994;276;5,624017506;0;4;1,5;7;2;91;62;0;20
2023-10-06 00:00:00;2023;10;6;4;40;0;1;0;0;0;0;0;0;0;1;-0,866025404;0,5;-0,951056516;0,309016994;277;5,627621114;0;4;1,5;7;2;87;97;0;19
2023-10-10 00:00:00;2023;10;10;1;41;0;1;0;0;0;0;1;0;0;0;-0,866025404;0,5;0,951056516;0,309016994;281;5,641907071;0;4;1,5;7;2;91;62;0;14
2023-10-11 00:00:00;2023;10;11;2;41;0;1;0;0;0;0;0;1;0;0;-0,866025404;0,5;0,587785252;-0,809016994;282;5,645446898;0;4;1,5;7;2;116;84;0;21
2023-10-12 00:00:00;2023;10;12;3;41;0;1;0;0;0;0;0;0;1;0;-0,866025404;0,5;-0,587785252;-0,809016994;283;5,648974238;0;4;1,5;7;2;92;46;0;17
2023-10-13 00:00:00;2023;10;13;4;41;0;1;0;1;0;0;0;0;0;1;-0,866025404;0,5;-0,951056516;0,309016994;284;5,65248918;0;4;1,5;7;2;98;65;0;15
2023-10-16 00:00:00;2023;10;16;0;42;0;1;0;1;0;1;0;0;0;0;-0,866025404;0,5;0;1;287;5,66296048;0;4;1,5;7;2;117;66;0;17
2023-10-17 00:00:00;2023;10;17;1;42;0;1;0;1;0;0;1;0;0;0;-0,866025404;0,5;0,951056516;0,309016994;288;5,666426688;0;4;1,5;7;2;88;60;0;20
2023-10-18 00:00:00;2023;10;18;2;42;0;1;0;0;0;0;0;1;0;0;-0,866025404;0,5;0,587785252;-0,809016994;289;5,669880923;0;4;1,5;7;2;114;43;0;20
2023-10-19 00:00:00;2023;10;19;3;42;0;1;0;0;0;0;0;0;1;0;-0,866025404;0,5;-0,587785252;-0,809016994;290;5,673323267;0;4;1,5;7;2;128;51;0;13
2023-10-20 00:00:00;2023;10;20;4;42;0;1;0;0;0;0;0;0;0;1;-0,866025404;0,5;-0,951056516;0,309016994;291;5,676753802;0;4;1,5;7;2;97;60;0;16
2023-10-23 00:00:00;2023;10;23;0;43;0;1;0;0;0;1;0;0;0;0;-0,866025404;0,5;0;1;294;5,686975356;0;4;1,5;7;2;114;70;0;24
2023-10-24 00:00:00;2023;10;24;1;43;0;1;0;0;0;0;1;0;0;0;-0,866025404;0,5;0,951056516;0,309016994;295;5,690359454;0;4;1,5;7;2;94;49;0;15
2023-10-25 00:00:00;2023;10;25;2;43;0;1;0;0;1;0;0;1;0;0;-0,866025404;0,5;0,587785252;-0,809016994;296;5,693732139;0;4;1,5;7;2;80;64;0;30
2023-10-26 00:00:00;2023;10;26;3;43;0;1;0;0;1;0;0;0;1;0;-0,866025404;0,5;-0,587785252;-0,809016994;297;5,697093487;0;4;1,5;7;2;74;59;0;43
2023-10-27 00:00:00;2023;10;27;4;43;0;1;0;0;1;0;0;0;0;1;-0,866025404;0,5;-0,951056516;0,309016994;298;5,700443573;0;4;1,5;7;2;96;0;0;23
2023-10-30 00:00:00;2023;10;30;0;44;0;1;0;0;1;1;0;0;0;0;-0,866025404;0,5;0;1;301;5,710427017;0;4;1,5;7;2;91;78;0;19
2023-10-31 00:00:00;2023;10;31;1;44;0;1;0;0;1;0;1;0;0;0;-0,866025404;0,5;0,951056516;0,309016994;302;5,713732806;0;4;1,5;7;2;94;55;0;19
2023-11-01 00:00:00;2023;11;1;2;44;0;1;1;0;0;0;0;1;0;0;-0,5;0,866025404;0,587785252;-0,809016994;303;5,717027701;0;4;1,5;7;2;102;81;0;24
2023-11-06 00:00:00;2023;11;6;0;45;0;0;0;0;0;1;0;0;0;0;-0,5;0,866025404;0;1;308;5,733341277;0;4;1,5;7;2;97;74;0;0
2023-11-07 00:00:00;2023;11;7;1;45;0;0;0;0;0;0;1;0;0;0;-0,5;0,866025404;0,951056516;0,309016994;309;5,736572297;0;4;1,5;7;2;84;58;0;0
2023-11-08 00:00:00;2023;11;8;2;45;0;0;0;0;0;0;0;1;0;0;-0,5;0,866025404;0,587785252;-0,809016994;310;5,739792912;0;4;1,5;7;2;89;48;0;0
2023-11-09 00:00:00;2023;11;9;3;45;0;0;0;0;0;0;0;0;1;0;-0,5;0,866025404;-0,587785252;-0,809016994;311;5,743003188;0;4;1,5;7;2;91;42;0;0
2023-11-10 00:00:00;2023;11;10;4;45;0;0;0;0;0;0;0;0;0;1;-0,5;0,866025404;-0,951056516;0,309016994;312;5,746203191;0;4;1,5;7;2;109;0;0;0
2023-11-13 00:00:00;2023;11;13;0;46;0;0;0;1;0;1;0;0;0;0;-0,5;0,866025404;0;1;315;5,755742214;0;4;1,5;7;2;121;0;0;0
2023-11-14 00:00:00;2023;11;14;1;46;0;0;0;1;0;0;1;0;0;0;-0,5;0,866025404;0,951056516;0,309016994;316;5,758901774;0;4;1,5;7;2;92;51;0;0
2023-11-15 00:00:00;2023;11;15;2;46;0;0;0;1;0;0;0;1;0;0;-0,5;0,866025404;0,587785252;-0,809016994;317;5,762051383;0;4;1,5;7;2;69;57;0;0
2023-11-16 00:00:00;2023;11;16;3;46;0;0;0;1;0;0;0;0;1;0;-0,5;0,866025404;-0,587785252;-0,809016994;318;5,765191103;0;4;1,5;7;2;102;38;0;0
2023-11-17 00:00:00;2023;11;17;4;46;0;0;0;1;0;0;0;0;0;1;-0,5;0,866025404;-0,951056516;0,309016994;319;5,768320996;0;4;1,5;7;2;95;88;0;0
2023-11-20 00:00:00;2023;11;20;0;47;0;0;0;0;0;1;0;0;0;0;-0,5;0,866025404;0;1;322;5,777652323;0;4;1,5;7;2;115;78;0;0
2023-11-21 00:00:00;2023;11;21;1;47;0;0;0;0;0;0;1;0;0;0;-0,5;0,866025404;0,951056516;0,309016994;323;5,780743516;0;4;1,5;7;2;105;51;0;0
2023-11-22 00:00:00;2023;11;22;2;47;0;0;0;0;0;0;0;1;0;0;-0,5;0,866025404;0,587785252;-0,809016994;324;5,783825182;0;4;1,5;7;2;108;0;0;0
2023-11-23 00:00:00;2023;11;23;3;47;0;0;0;0;0;0;0;0;1;0;-0,5;0,866025404;-0,587785252;-0,809016994;325;5,786897381;0;4;1,5;7;2;98;68;0;0
2023-11-24 00:00:00;2023;11;24;4;47;0;0;0;0;0;0;0;0;0;1;-0,5;0,866025404;-0,951056516;0,309016994;326;5,789960171;0;4;1,5;7;2;85;0;0;0
2023-11-27 00:00:00;2023;11;27;0;48;0;0;0;0;1;1;0;0;0;0;-0,5;0,866025404;0;1;329;5,799092654;0;4;1,5;7;2;88;93;0;0
2023-11-28 00:00:00;2023;11;28;1;48;0;0;0;0;1;0;1;0;0;0;-0,5;0,866025404;0,951056516;0,309016994;330;5,802118375;0;4;1,5;7;2;108;63;0;0
2023-11-29 00:00:00;2023;11;29;2;48;0;0;0;0;1;0;0;1;0;0;-0,5;0,866025404;0,587785252;-0,809016994;331;5,805134969;0;4;1,5;7;2;86;66;0;0
2023-11-30 00:00:00;2023;11;30;3;48;0;0;0;0;1;0;0;0;1;0;-0,5;0,866025404;-0,587785252;-0,809016994;332;5,80814249;0;4;1,5;7;2;95;69;0;0
2023-12-01 00:00:00;2023;12;1;4;48;0;0;1;0;0;0;0;0;0;1;-2,44929E-16;1;-0,951056516;0,309016994;333;5,811140993;0;4;1,5;7;2;95;77;0;0
2023-12-04 00:00:00;2023;12;4;0;49;0;0;1;0;0;1;0;0;0;0;-2,44929E-16;1;0;1;336;5,82008293;0;4;1,5;7;2;87;92;0;0
2023-12-05 00:00:00;2023;12;5;1;49;0;0;1;0;0;0;1;0;0;0;-2,44929E-16;1;0,951056516;0,309016994;337;5,823045895;0;4;1,5;7;2;99;0;0;0
2023-12-06 00:00:00;2023;12;6;2;49;0;0;0;0;0;0;0;1;0;0;-2,44929E-16;1;0,587785252;-0,809016994;338;5,826000107;0;4;1,5;7;2;102;40;0;0
2023-12-07 00:00:00;2023;12;7;3;49;0;0;0;0;0;0;0;0;1;0;-2,44929E-16;1;-0,587785252;-0,809016994;339;5,828945618;0;4;1,5;7;2;92;75;0;0
2023-12-11 00:00:00;2023;12;11;0;50;0;0;0;0;0;1;0;0;0;0;-2,44929E-16;1;0;1;343;5,840641657;0;4;1,5;7;2;92;78;0;0
2023-12-12 00:00:00;2023;12;12;1;50;0;0;0;0;0;0;1;0;0;0;-2,44929E-16;1;0,951056516;0,309016994;344;5,843544417;0;4;1,5;7;2;111;48;0;0
2023-12-13 00:00:00;2023;12;13;2;50;0;0;0;1;0;0;0;1;0;0;-2,44929E-16;1;0,587785252;-0,809016994;345;5,846438775;0;4;1,5;7;2;209;102;0;0
2023-12-15 00:00:00;2023;12;15;4;50;0;0;0;1;0;0;0;0;0;1;-2,44929E-16;1;-0,951056516;0,309016994;347;5,85220248;0;4;1,5;7;2;117;66;0;0
2023-12-18 00:00:00;2023;12;18;0;51;0;0;0;0;0;1;0;0;0;0;-2,44929E-16;1;0;1;350;5,860786223;0;4;1,5;7;2;120;69;0;0
2023-12-19 00:00:00;2023;12;19;1;51;0;0;0;0;0;0;1;0;0;0;-2,44929E-16;1;0,951056516;0,309016994;351;5,863631176;0;4;1,5;7;2;106;42;0;0
2023-12-20 00:00:00;2023;12;20;2;51;0;0;0;0;0;0;0;1;0;0;-2,44929E-16;1;0,587785252;-0,809016994;352;5,866468057;0;4;1,5;7;2;88;64;0;0
2023-12-22 00:00:00;2023;12;22;4;51;0;0;0;0;0;0;0;0;0;1;-2,44929E-16;1;-0,951056516;0,309016994;354;5,872117789;0;4;1,5;7;2;89;82;0;0
2023-12-26 00:00:00;2023;12;26;1;52;0;0;0;0;1;0;1;0;0;0;-2,44929E-16;1;0,951056516;0,309016994;358;5,883322388;0;4;1,5;7;2;109;54;0;0
2023-12-27 00:00:00;2023;12;27;2;52;0;0;0;0;1;0;0;1;0;0;-2,44929E-16;1;0,587785252;-0,809016994;359;5,886104031;0;4;1,5;7;2;107;54;0;0
2023-12-28 00:00:00;2023;12;28;3;52;0;0;0;0;1;0;0;0;1;0;-2,44929E-16;1;-0,587785252;-0,809016994;360;5,888877958;0;4;1,5;7;2;89;37;0;0
2023-12-29 00:00:00;2023;12;29;4;52;0;0;0;0;1;0;0;0;0;1;-2,44929E-16;1;-0,951056516;0,309016994;361;5,891644212;0;4;1,5;7;2;81;100;0;0
2024-01-02 00:00:00;2024;1;2;1;1;0;0;1;0;0;0;1;0;0;0;0,5;0,866025404;0,951056516;0,309016994;365;5,902633333;1;4;1,8;8,5;2,8;119;0;0;0
2024-01-03 00:00:00;2024;1;3;2;1;0;0;1;0;0;0;0;1;0;0;0,5;0,866025404;0,587785252;-0,809016994;366;5,905361848;1;4;1,8;8,5;2,8;117;48;0;0
2024-01-04 00:00:00;2024;1;4;3;1;0;0;1;0;0;0;0;0;1;0;0,5;0,866025404;-0,587785252;-0,809016994;367;5,908082938;1;4;1,8;8,5;2,8;92;39;0;0
2024-01-05 00:00:00;2024;1;5;4;1;0;0;1;0;0;0;0;0;0;1;0,5;0,866025404;-0,951056516;0,309016994;368;5,910796644;1;4;1,8;8,5;2,8;94;105;0;0
2024-01-08 00:00:00;2024;1;8;0;2;0;0;0;0;0;1;0;0;0;0;0,5;0,866025404;0;1;371;5,918893854;1;4;1,8;8,5;2,8;84;0;0;0
2024-01-09 00:00:00;2024;1;9;1;2;0;0;0;0;0;0;1;0;0;0;0,5;0,866025404;0,951056516;0,309016994;372;5,92157842;1;4;1,8;8,5;2,8;106;38;0;0
2024-01-10 00:00:00;2024;1;10;2;2;0;0;0;0;0;0;0;1;0;0;0,5;0,866025404;0,587785252;-0,809016994;373;5,924255797;1;4;1,8;8,5;2,8;95;62;0;0
2024-01-11 00:00:00;2024;1;11;3;2;0;0;0;0;0;0;0;0;1;0;0,5;0,866025404;-0,587785252;-0,809016994;374;5,926926026;1;4;1,8;8,5;2,8;99;66;0;0
2024-01-12 00:00:00;2024;1;12;4;2;0;0;0;0;0;0;0;0;0;1;0,5;0,866025404;-0,951056516;0,309016994;375;5,929589143;1;4;1,8;8,5;2,8;110;0;0;0
2024-01-15 00:00:00;2024;1;15;0;3;0;0;0;1;0;1;0;0;0;0;0,5;0,866025404;0;1;378;5,937536205;1;4;1,8;8,5;2,8;83;85;0;0
2024-01-16 00:00:00;2024;1;16;1;3;0;0;0;1;0;0;1;0;0;0;0,5;0,866025404;0,951056516;0,309016994;379;5,940171253;1;4;1,8;8,5;2,8;113;61;0;0
2024-01-17 00:00:00;2024;1;17;2;3;0;0;0;1;0;0;0;1;0;0;0,5;0,866025404;0,587785252;-0,809016994;380;5,942799375;1;4;1,8;8,5;2,8;116;0;0;0
2024-01-18 00:00:00;2024;1;18;3;3;0;0;0;0;0;0;0;0;1;0;0,5;0,866025404;-0,587785252;-0,809016994;381;5,945420609;1;4;1,8;8,5;2,8;106;54;0;0
2024-01-19 00:00:00;2024;1;19;4;3;0;0;0;0;0;0;0;0;0;1;0,5;0,866025404;-0,951056516;0,309016994;382;5,948034989;1;4;1,8;8,5;2,8;122;67;0;0
2024-01-22 00:00:00;2024;1;22;0;4;0;0;0;0;0;1;0;0;0;0;0,5;0,866025404;0;1;385;5,955837369;1;4;1,8;8,5;2,8;115;63;0;0
2024-01-23 00:00:00;2024;1;23;1;4;0;0;0;0;0;0;1;0;0;0;0,5;0,866025404;0,951056516;0,309016994;386;5,958424693;1;4;1,8;8,5;2,8;93;60;0;0
2024-01-24 00:00:00;2024;1;24;2;4;0;0;0;0;0;0;0;1;0;0;0,5;0,866025404;0,587785252;-0,809016994;387;5,96100534;1;4;1,8;8,5;2,8;99;63;0;0
2024-01-25 00:00:00;2024;1;25;3;4;0;0;0;0;1;0;0;0;1;0;0,5;0,866025404;-0,587785252;-0,809016994;388;5,963579344;1;4;1,8;8,5;2,8;112;67;0;0
2024-01-26 00:00:00;2024;1;26;4;4;0;0;0;0;1;0;0;0;0;1;0,5;0,866025404;-0,951056516;0,309016994;389;5,966146739;1;4;1,8;8,5;2,8;94;102;0;0
2024-01-29 00:00:00;2024;1;29;0;5;0;0;0;0;1;1;0;0;0;0;0,5;0,866025404;0;1;392;5,973809612;1;4;1,5;8,5;2,8;111;78;0;0
2024-01-30 00:00:00;2024;1;30;1;5;0;0;0;0;1;0;1;0;0;0;0,5;0,866025404;0,951056516;0,309016994;393;5,976350909;1;4;1,8;8,5;2,8;110;60;0;0
2024-01-31 00:00:00;2024;1;31;2;5;0;0;0;0;1;0;0;1;0;0;0,5;0,866025404;0,587785252;-0,809016994;394;5,978885765;1;4;1,8;8,5;2,8;126;61;0;0
2024-02-01 00:00:00;2024;2;1;3;5;1;0;1;0;0;0;0;0;1;0;0,866025404;0,5;-0,587785252;-0,809016994;395;5,981414211;1;4;1,8;8,5;2,8;98;73;0;0
2024-02-02 00:00:00;2024;2;2;4;5;1;0;1;0;0;0;0;0;0;1;0,866025404;0,5;-0,951056516;0,309016994;396;5,983936281;1;4;1,8;8,5;2,8;95;85;0;0
2024-02-05 00:00:00;2024;2;5;0;6;1;0;1;0;0;1;0;0;0;0;0,866025404;0,5;0;1;399;5,991464547;1;4;1,8;8,5;2,8;109;66;0;0
2024-02-06 00:00:00;2024;2;6;1;6;1;0;0;0;0;0;1;0;0;0;0,866025404;0,5;0,951056516;0,309016994;400;5,993961427;1;4;1,8;8,5;2,8;122;50;0;0
2024-02-07 00:00:00;2024;2;7;2;6;1;0;0;0;0;0;0;1;0;0;0,866025404;0,5;0,587785252;-0,809016994;401;5,996452089;1;4;1,8;8,5;2,8;109;38;0;0
2024-02-08 00:00:00;2024;2;8;3;6;1;0;0;0;0;0;0;0;1;0;0,866025404;0,5;-0,587785252;-0,809016994;402;5,998936562;1;4;1,8;8,5;2,8;92;68;0;0
2024-02-09 00:00:00;2024;2;9;4;6;1;0;0;0;0;0;0;0;0;1;0,866025404;0,5;-0,951056516;0,309016994;403;6,001414878;1;4;1,8;8,5;2,8;106;74;0;0
2024-02-15 00:00:00;2024;2;15;3;7;1;0;0;1;0;0;0;0;1;0;0,866025404;0,5;-0,587785252;-0,809016994;409;6,01615716;1;4;1,8;8,5;2,8;114;49;17;0
2024-02-16 00:00:00;2024;2;16;4;7;1;0;0;1;0;0;0;0;0;1;0,866025404;0,5;-0,951056516;0,309016994;410;6,018593214;1;4;1,8;8,5;2,8;78;87;20;0
2024-02-19 00:00:00;2024;2;19;0;8;1;0;0;0;0;1;0;0;0;0;0,866025404;0,5;0;1;413;6,025865974;1;4;1,8;8,5;2,8;79;88;18;0
2024-02-20 00:00:00;2024;2;20;1;8;1;0;0;0;0;0;1;0;0;0;0,866025404;0,5;0,951056516;0,309016994;414;6,02827852;1;4;1,8;8,5;2,8;86;62;18;0
2024-02-21 00:00:00;2024;2;21;2;8;1;0;0;0;0;0;0;1;0;0;0,866025404;0,5;0,587785252;-0,809016994;415;6,03068526;1;4;1,8;8,5;2,8;72;58;15;0
2024-02-22 00:00:00;2024;2;22;3;8;1;0;0;0;0;0;0;0;1;0;0,866025404;0,5;-0,587785252;-0,809016994;416;6,033086222;1;4;1,8;8,5;2,8;79;64;18;0
2024-02-23 00:00:00;2024;2;23;4;8;1;0;0;0;0;0;0;0;0;1;0,866025404;0,5;-0,951056516;0,309016994;417;6,035481433;1;4;1,8;8,5;2,8;84;74;20;0
2024-02-26 00:00:00;2024;2;26;0;9;1;0;0;0;1;1;0;0;0;0;0,866025404;0,5;0;1;420;6,042632834;1;4;1,8;8,5;2,8;67;82;15;0
2024-02-27 00:00:00;2024;2;27;1;9;1;0;0;0;1;0;1;0;0;0;0,866025404;0,5;0,951056516;0,309016994;421;6,045005314;1;4;1,8;8,5;2,8;105;40;18;0
2024-02-28 00:00:00;2024;2;28;2;9;1;0;0;0;1;0;0;1;0;0;0,866025404;0,5;0,587785252;-0,809016994;422;6,047372179;1;4;1,8;8,5;2,8;97;58;16;0
2024-02-29 00:00:00;2024;2;29;3;9;1;0;0;0;1;0;0;0;1;0;0,866025404;0,5;-0,587785252;-0,809016994;423;6,049733455;1;4;1,8;8,5;2,8;111;46;16;0
2024-03-01 00:00:00;2024;3;1;4;9;1;0;1;0;0;0;0;0;0;1;1;6,12323E-17;-0,951056516;0,309016994;424;6,052089169;1;4;1,8;8,5;2,8;63;0;20;0
2024-03-04 00:00:00;2024;3;4;0;10;1;0;1;0;0;1;0;0;0;0;1;6,12323E-17;0;1;427;6,059123196;1;4;1,8;8,5;2,8;101;61;16;0
2024-03-05 00:00:00;2024;3;5;1;10;1;0;1;0;0;0;1;0;0;0;1;6,12323E-17;0,951056516;0,309016994;428;6,061456919;1;4;1,8;8,5;2,8;104;48;17;0
2024-03-06 00:00:00;2024;3;6;2;10;1;0;0;0;0;0;0;1;0;0;1;6,12323E-17;0,587785252;-0,809016994;429;6,063785209;1;4;1,8;8,5;2,8;106;50;0;0
2024-03-07 00:00:00;2024;3;7;3;10;1;0;0;0;0;0;0;0;1;0;1;6,12323E-17;-0,587785252;-0,809016994;430;6,06610809;1;4;1,8;8,5;2,8;88;56;0;0
2024-03-08 00:00:00;2024;3;8;4;10;1;0;0;0;0;0;0;0;0;1;1;6,12323E-17;-0,951056516;0,309016994;431;6,068425588;1;4;1,8;8,5;2,8;77;65;0;0
2024-03-11 00:00:00;2024;3;11;0;11;1;0;0;0;0;1;0;0;0;0;1;6,12323E-17;0;1;434;6,075346031;1;4;1,8;8,5;2,8;85;71;0;0
2024-03-12 00:00:00;2024;3;12;1;11;1;0;0;0;0;0;1;0;0;0;1;6,12323E-17;0,951056516;0,309016994;435;6,077642243;1;4;1,8;8,5;2,8;100;0;0;0
2024-03-13 00:00:00;2024;3;13;2;11;1;0;0;1;0;0;0;1;0;0;1;6,12323E-17;0,587785252;-0,809016994;436;6,079933195;1;4;1,8;8,5;2,8;119;0;0;0
2024-03-14 00:00:00;2024;3;14;3;11;1;0;0;1;0;0;0;0;1;0;1;6,12323E-17;-0,587785252;-0,809016994;437;6,08221891;1;4;1,8;8,5;2,8;89;34;0;0
2024-03-15 00:00:00;2024;3;15;4;11;1;0;0;1;0;0;0;0;0;1;1;6,12323E-17;-0,951056516;0,309016994;438;6,084499413;1;4;1,8;8,5;2,8;59;72;0;0
2024-03-18 00:00:00;2024;3;18;0;12;1;0;0;0;0;1;0;0;0;0;1;6,12323E-17;0;1;441;6,091309882;1;4;1,8;8,5;2,8;113;85;0;0
2024-03-19 00:00:00;2024;3;19;1;12;1;0;0;0;0;0;1;0;0;0;1;6,12323E-17;0,951056516;0,309016994;442;6,09356977;1;4;1,8;8,5;2,8;105;77;0;0
2024-03-20 00:00:00;2024;3;20;2;12;1;0;0;0;0;0;0;1;0;0;1;6,12323E-17;0,587785252;-0,809016994;443;6,095824562;1;4;1,8;8,5;2,8;78;0;0;0
2024-03-21 00:00:00;2024;3;21;3;12;1;0;0;0;0;0;0;0;1;0;1;6,12323E-17;-0,587785252;-0,809016994;444;6,098074282;1;4;1,8;8,5;2,8;77;0;0;0
2024-03-22 00:00:00;2024;3;22;4;12;1;0;0;0;0;0;0;0;0;1;1;6,12323E-17;-0,951056516;0,309016994;445;6,100318952;1;4;1,8;8,5;2,8;68;65;0;0
2024-03-25 00:00:00;2024;3;25;0;13;1;0;0;0;1;1;0;0;0;0;1;6,12323E-17;0;1;448;6,107022888;1;4;1,8;8,5;2,8;88;86;0;0
2024-03-26 00:00:00;2024;3;26;1;13;1;0;0;0;1;0;1;0;0;0;1;6,12323E-17;0,951056516;0,309016994;449;6,109247583;1;4;1,8;8,5;2,8;91;57;0;0
2024-03-27 00:00:00;2024;3;27;2;13;1;0;0;0;1;0;0;1;0;0;1;6,12323E-17;0,587785252;-0,809016994;450;6,11146734;1;4;1,8;8,5;2,8;104;67;0;0
2024-03-28 00:00:00;2024;3;28;3;13;1;0;0;0;1;0;0;0;1;0;1;6,12323E-17;-0,587785252;-0,809016994;451;6,11368218;1;4;1,8;8,5;2,8;82;57;0;0
2024-04-01 00:00:00;2024;4;1;0;14;0;0;1;0;0;1;0;0;0;0;0,866025404;-0,5;0;1;455;6,12249281;1;4;1,8;8,5;2,8;82;97;0;0
2024-04-02 00:00:00;2024;4;2;1;14;0;0;1;0;0;0;1;0;0;0;0,866025404;-0,5;0,951056516;0,309016994;456;6,124683391;1;4;1,8;8,5;2,8;112;53;0;0
2024-04-03 00:00:00;2024;4;3;2;14;0;0;1;0;0;0;0;1;0;0;0,866025404;-0,5;0,587785252;-0,809016994;457;6,126869184;1;4;1,8;8,5;2,8;103;58;0;0
2024-04-04 00:00:00;2024;4;4;3;14;0;0;1;0;0;0;0;0;1;0;0,866025404;-0,5;-0,587785252;-0,809016994;458;6,12905021;1;4;1,8;8,5;2,8;101;38;0;0
2024-04-05 00:00:00;2024;4;5;4;14;0;0;1;0;0;0;0;0;0;1;0,866025404;-0,5;-0,951056516;0,309016994;459;6,131226489;1;4;1,8;8,5;2,8;82;70;0;0
2024-04-08 00:00:00;2024;4;8;0;15;0;0;0;0;0;1;0;0;0;0;0,866025404;-0,5;0;1;462;6,137727054;1;4;1,8;8,5;2,8;106;83;0;0
2024-04-09 00:00:00;2024;4;9;1;15;0;0;0;0;0;0;1;0;0;0;0,866025404;-0,5;0,951056516;0,309016994;463;6,139884552;1;4;1,8;8,5;2,8;103;0;0;0
2024-04-10 00:00:00;2024;4;10;2;15;0;0;0;0;0;0;0;1;0;0;0,866025404;-0,5;0,587785252;-0,809016994;464;6,142037406;1;4;1,8;8,5;2,8;101;60;0;0
2024-04-11 00:00:00;2024;4;11;3;15;0;0;0;0;0;0;0;0;1;0;0,866025404;-0,5;-0,587785252;-0,809016994;465;6,144185634;1;4;1,8;8,5;2,8;118;51;0;0
2024-04-12 00:00:00;2024;4;12;4;15;0;0;0;0;0;0;0;0;0;1;0,866025404;-0,5;-0,951056516;0,309016994;466;6,146329258;1;4;1,8;8,5;2,8;85;101;0;0
2024-04-15 00:00:00;2024;4;15;0;16;0;0;0;1;0;1;0;0;0;0;0,866025404;-0,5;0;1;469;6,152732695;1;4;1,8;8,5;2,8;113;0;0;0
2024-04-16 00:00:00;2024;4;16;1;16;0;0;0;1;0;0;1;0;0;0;0,866025404;-0,5;0,951056516;0,309016994;470;6,154858094;1;4;1,8;8,5;2,8;116;51;0;0
2024-04-17 00:00:00;2024;4;17;2;16;0;0;0;1;0;0;0;1;0;0;0,866025404;-0,5;0,587785252;-0,809016994;471;6,156978986;1;4;1,8;8,5;2,8;83;0;0;0
2024-04-18 00:00:00;2024;4;18;3;16;0;0;0;0;0;0;0;0;1;0;0,866025404;-0,5;-0,587785252;-0,809016994;472;6,159095388;1;4;1,8;8,5;2,8;104;55;0;0
2024-04-19 00:00:00;2024;4;19;4;16;0;0;0;0;0;0;0;0;0;1;0,866025404;-0,5;-0,951056516;0,309016994;473;6,161207322;1;4;1,8;8,5;2,8;88;99;0;0
2024-04-22 00:00:00;2024;4;22;0;17;0;0;0;0;0;1;0;0;0;0;0,866025404;-0,5;0;1;476;6,167516491;1;4;1,8;8,5;2,8;108;64;0;0
2024-04-23 00:00:00;2024;4;23;1;17;0;0;0;0;0;0;1;0;0;0;0,866025404;-0,5;0,951056516;0,309016994;477;6,169610732;1;4;1,8;8,5;2,8;92;0;0;0
2024-04-24 00:00:00;2024;4;24;2;17;0;0;0;0;0;0;0;1;0;0;0,866025404;-0,5;0,587785252;-0,809016994;478;6,171700597;1;4;1,8;8,5;2,8;104;37;0;0
2024-04-25 00:00:00;2024;4;25;3;17;0;0;0;0;1;0;0;0;1;0;0,866025404;-0,5;-0,587785252;-0,809016994;479;6,173786104;1;4;1,8;8,5;2,8;118;41;0;0
2024-04-26 00:00:00;2024;4;26;4;17;0;0;0;0;1;0;0;0;0;1;0,866025404;-0,5;-0,951056516;0,309016994;480;6,17586727;1;4;1,8;8,5;2,8;110;0;0;0
2024-04-29 00:00:00;2024;4;29;0;18;0;0;0;0;1;1;0;0;0;0;0,866025404;-0,5;0;1;483;6,182084907;1;4;1,8;8,5;2,8;124;69;0;0
2024-04-30 00:00:00;2024;4;30;1;18;0;0;0;0;1;0;1;0;0;0;0,866025404;-0,5;0,951056516;0,309016994;484;6,184148891;1;4;1,8;8,5;2,8;80;65;0;0
2024-05-01 00:00:00;2024;5;1;2;18;0;0;1;0;0;0;0;1;0;0;0,5;-0,866025404;0,587785252;-0,809016994;485;6,186208624;1;4;1,8;8,5;2,8;99;66;0;0
2024-05-02 00:00:00;2024;5;2;3;18;0;0;1;0;0;0;0;0;1;0;0,5;-0,866025404;-0,587785252;-0,809016994;486;6,188264123;1;4;1,8;8,5;2,8;85;78;0;0
2024-05-06 00:00:00;2024;5;6;0;19;0;0;0;0;0;1;0;0;0;0;0,5;-0,866025404;0;1;490;6,196444128;1;4;1,8;8,5;2,8;104;0;0;0
2024-05-07 00:00:00;2024;5;7;1;19;0;0;0;0;0;0;1;0;0;0;0,5;-0,866025404;0,951056516;0,309016994;491;6,198478716;1;4;1,8;8,5;2,8;104;0;0;0
2024-05-08 00:00:00;2024;5;8;2;19;0;0;0;0;0;0;0;1;0;0;0,5;-0,866025404;0,587785252;-0,809016994;492;6,200509174;1;4;1,8;8,5;2,8;118;62;0;0
2024-05-09 00:00:00;2024;5;9;3;19;0;0;0;0;0;0;0;0;1;0;0,5;-0,866025404;-0,587785252;-0,809016994;493;6,202535517;1;4;1,8;8,5;2,8;108;39;0;0
2024-05-10 00:00:00;2024;5;10;4;19;0;0;0;0;0;0;0;0;0;1;0,5;-0,866025404;-0,951056516;0,309016994;494;6,204557763;1;4;1,8;8,5;2,8;97;67;0;0
2024-05-13 00:00:00;2024;5;13;0;20;0;0;0;1;0;1;0;0;0;0;0,5;-0,866025404;0;1;497;6,210600077;1;4;1,8;8,5;2,8;109;70;0;0
2024-05-14 00:00:00;2024;5;14;1;20;0;0;0;1;0;0;1;0;0;0;0,5;-0,866025404;0,951056516;0,309016994;498;6,212606096;1;4;1,8;8,5;2,8;99;61;0;0
2024-05-15 00:00:00;2024;5;15;2;20;0;0;0;1;0;0;0;1;0;0;0,5;-0,866025404;0,587785252;-0,809016994;499;6,214608098;1;4;1,8;8,5;2,8;106;0;0;0
2024-05-16 00:00:00;2024;5;16;3;20;0;0;0;1;0;0;0;0;1;0;0,5;-0,866025404;-0,587785252;-0,809016994;500;6,216606101;1;4;1,8;8,5;2,8;133;49;0;0
2024-05-17 00:00:00;2024;5;17;4;20;0;0;0;1;0;0;0;0;0;1;0,5;-0,866025404;-0,951056516;0,309016994;501;6,21860012;1;4;1,8;8,5;2,8;90;96;0;0
2024-05-20 00:00:00;2024;5;20;0;21;0;0;0;0;0;1;0;0;0;0;0,5;-0,866025404;0;1;504;6,224558429;1;4;1,8;8,5;2,8;87;80;0;0
2024-05-21 00:00:00;2024;5;21;1;21;0;0;0;0;0;0;1;0;0;0;0,5;-0,866025404;0,951056516;0,309016994;505;6,226536669;1;4;1,8;8,5;2,8;77;53;0;0
2024-05-22 00:00:00;2024;5;22;2;21;0;0;0;0;0;0;0;1;0;0;0,5;-0,866025404;0,587785252;-0,809016994;506;6,228511004;1;4;1,8;8,5;2,8;88;0;0;0
2024-05-23 00:00:00;2024;5;23;3;21;0;0;0;0;0;0;0;0;1;0;0,5;-0,866025404;-0,587785252;-0,809016994;507;6,230481448;1;4;1,8;8,5;2,8;93;0;0;0
2024-05-24 00:00:00;2024;5;24;4;21;0;0;0;0;0;0;0;0;0;1;0,5;-0,866025404;-0,951056516;0,309016994;508;6,232448017;1;4;1,8;8,5;2,8;111;83;0;0
2024-05-27 00:00:00;2024;5;27;0;22;0;0;0;0;1;1;0;0;0;0;0,5;-0,866025404;0;1;511;6,238324625;1;4;1,8;8,5;2,8;109;87;0;0
2024-05-28 00:00:00;2024;5;28;1;22;0;0;0;0;1;0;1;0;0;0;0,5;-0,866025404;0,951056516;0,309016994;512;6,240275845;1;4;1,8;8,5;2,8;108;49;0;0
2024-05-29 00:00:00;2024;5;29;2;22;0;0;0;0;1;0;0;1;0;0;0,5;-0,866025404;0,587785252;-0,809016994;513;6,242223265;1;4;1,8;8,5;2,8;117;58;0;0
2024-05-30 00:00:00;2024;5;30;3;22;0;0;0;0;1;0;0;0;1;0;0,5;-0,866025404;-0,587785252;-0,809016994;514;6,244166901;1;4;1,8;8,5;2,8;102;0;0;0
2024-05-31 00:00:00;2024;5;31;4;22;0;0;0;0;1;0;0;0;0;1;0,5;-0,866025404;-0,951056516;0,309016994;515;6,246106765;1;4;1,8;8,5;2,8;109;62;0;0
2024-06-03 00:00:00;2024;6;3;0;23;0;0;1;0;0;1;0;0;0;0;1,22465E-16;-1;0;1;518;6,251903883;1;4;1,8;8,5;2,8;121;75;0;0
2024-06-04 00:00:00;2024;6;4;1;23;0;0;1;0;0;0;1;0;0;0;1,22465E-16;-1;0,951056516;0,309016994;519;6,253828812;1;4;1,8;8,5;2,8;106;57;0;0
2024-06-05 00:00:00;2024;6;5;2;23;0;0;1;0;0;0;0;1;0;0;1,22465E-16;-1;0,587785252;-0,809016994;520;6,255750042;1;4;1,8;8,5;2,8;102;52;0;0
2024-06-06 00:00:00;2024;6;6;3;23;0;0;0;0;0;0;0;0;1;0;1,22465E-16;-1;-0,587785252;-0,809016994;521;6,257667588;1;4;1,8;8,5;2,8;111;45;0;0
2024-06-07 00:00:00;2024;6;7;4;23;0;0;0;0;0;0;0;0;0;1;1,22465E-16;-1;-0,951056516;0,309016994;522;6,259581464;1;4;1,8;8,5;2,8;93;92;0;0
2024-06-10 00:00:00;2024;6;10;0;24;0;0;0;0;0;1;0;0;0;0;1,22465E-16;-1;0;1;525;6,265301213;1;4;1,8;8,5;2,8;122;72;0;0
2024-06-11 00:00:00;2024;6;11;1;24;0;0;0;0;0;0;1;0;0;0;1,22465E-16;-1;0,951056516;0,309016994;526;6,267200549;1;4;1,8;8,5;2,8;95;71;0;0
2024-06-12 00:00:00;2024;6;12;2;24;0;0;0;0;0;0;0;1;0;0;1,22465E-16;-1;0,587785252;-0,809016994;527;6,269096284;1;4;1,8;8,5;2,8;92;62;0;0
2024-06-13 00:00:00;2024;6;13;3;24;0;0;0;1;0;0;0;0;1;0;1,22465E-16;-1;-0,587785252;-0,809016994;528;6,270988432;1;4;1,8;8,5;2,8;103;68;0;0
2024-06-14 00:00:00;2024;6;14;4;24;0;0;0;1;0;0;0;0;0;1;1,22465E-16;-1;-0,951056516;0,309016994;529;6,272877007;1;4;1,8;8,5;2,8;104;65;0;0
2024-06-17 00:00:00;2024;6;17;0;25;0;0;0;1;0;1;0;0;0;0;1,22465E-16;-1;0;1;532;6,278521424;1;4;1,8;8,5;2,8;128;91;0;0
2024-06-18 00:00:00;2024;6;18;1;25;0;0;0;0;0;0;1;0;0;0;1,22465E-16;-1;0,951056516;0,309016994;533;6,280395839;1;4;1,8;8,5;2,8;93;67;0;0
2024-06-19 00:00:00;2024;6;19;2;25;0;0;0;0;0;0;0;1;0;0;1,22465E-16;-1;0,587785252;-0,809016994;534;6,282266747;1;4;1,8;8,5;2,8;100;35;0;0
2024-06-20 00:00:00;2024;6;20;3;25;0;0;0;0;0;0;0;0;1;0;1,22465E-16;-1;-0,587785252;-0,809016994;535;6,284134161;1;4;1,8;8,5;2,8;90;66;0;0
2024-06-21 00:00:00;2024;6;21;4;25;0;0;0;0;0;0;0;0;0;1;1,22465E-16;-1;-0,951056516;0,309016994;536;6,285998095;1;4;1,8;8,5;2,8;116;71;0;0
2024-06-24 00:00:00;2024;6;24;0;26;0;0;0;0;0;1;0;0;0;0;1,22465E-16;-1;0;1;539;6,29156914;1;4;1,8;8,5;2,8;98;73;0;0
2024-06-25 00:00:00;2024;6;25;1;26;0;0;0;0;1;0;1;0;0;0;1,22465E-16;-1;0,951056516;0,309016994;540;6,293419279;1;4;1,8;8,5;2,8;94;41;0;0
2024-06-26 00:00:00;2024;6;26;2;26;0;0;0;0;1;0;0;1;0;0;1,22465E-16;-1;0,587785252;-0,809016994;541;6,295266001;1;4;1,8;8,5;2,8;116;50;0;0
2024-06-27 00:00:00;2024;6;27;3;26;0;0;0;0;1;0;0;0;1;0;1,22465E-16;-1;-0,587785252;-0,809016994;542;6,29710932;1;4;1,8;8,5;2,8;101;0;0;0
2024-06-28 00:00:00;2024;6;28;4;26;0;0;0;0;1;0;0;0;0;1;1,22465E-16;-1;-0,951056516;0,309016994;543;6,298949247;1;4;1,8;8,5;2,8;106;66;0;0
2024-07-02 00:00:00;2024;7;2;1;27;0;0;1;0;0;0;1;0;0;0;-0,5;-0,866025404;0,951056516;0,309016994;547;6,306275287;1;4;1,8;8,5;2,8;93;68;0;0
2024-07-03 00:00:00;2024;7;3;2;27;0;0;1;0;0;0;0;1;0;0;-0,5;-0,866025404;0,587785252;-0,809016994;548;6,308098442;1;4;1,8;8,5;2,8;88;68;0;0
2024-07-04 00:00:00;2024;7;4;3;27;0;0;1;0;0;0;0;0;1;0;-0,5;-0,866025404;-0,587785252;-0,809016994;549;6,309918278;1;4;1,8;8,5;2,8;85;63;0;0
2024-07-05 00:00:00;2024;7;5;4;27;0;0;1;0;0;0;0;0;0;1;-0,5;-0,866025404;-0,951056516;0,309016994;550;6,311734809;1;4;1,8;8,5;2,8;93;88;0;0
2024-07-08 00:00:00;2024;7;8;0;28;0;0;0;0;0;1;0;0;0;0;-0,5;-0,866025404;0;1;553;6,317164687;1;4;1,8;8,5;2,8;105;82;0;0
2024-07-10 00:00:00;2024;7;10;2;28;0;0;0;0;0;0;0;1;0;0;-0,5;-0,866025404;0,587785252;-0,809016994;555;6,320768294;1;4;1,8;8,5;2,8;86;47;0;0
2024-07-11 00:00:00;2024;7;11;3;28;0;0;0;0;0;0;0;0;1;0;-0,5;-0,866025404;-0,587785252;-0,809016994;556;6,32256524;1;4;1,8;8,5;2,8;135;49;0;0
2024-07-12 00:00:00;2024;7;12;4;28;0;0;0;0;0;0;0;0;0;1;-0,5;-0,866025404;-0,951056516;0,309016994;557;6,324358962;1;4;1,8;8,5;2,8;115;81;0;0
2024-07-15 00:00:00;2024;7;15;0;29;0;0;0;1;0;1;0;0;0;0;-0,5;-0,866025404;0;1;560;6,329720906;1;4;1,8;8,5;2,8;113;66;0;0
2024-07-16 00:00:00;2024;7;16;1;29;0;0;0;1;0;0;1;0;0;0;-0,5;-0,866025404;0,951056516;0,309016994;561;6,33150185;1;4;1,8;8,5;2,8;85;65;0;0
2024-07-17 00:00:00;2024;7;17;2;29;0;0;0;1;0;0;0;1;0;0;-0,5;-0,866025404;0,587785252;-0,809016994;562;6,333279628;1;4;1,8;8,5;2,8;102;54;0;0
2024-07-18 00:00:00;2024;7;18;3;29;0;0;0;0;0;0;0;0;1;0;-0,5;-0,866025404;-0,587785252;-0,809016994;563;6,335054251;1;4;1,8;8,5;2,8;80;61;0;0
2024-07-19 00:00:00;2024;7;19;4;29;0;0;0;0;0;0;0;0;0;1;-0,5;-0,866025404;-0,951056516;0,309016994;564;6,336825731;1;4;1,8;8,5;2,8;103;78;0;0
2024-07-22 00:00:00;2024;7;22;0;30;0;0;0;0;0;1;0;0;0;0;-0,5;-0,866025404;0;1;567;6,342121419;1;4;1,8;8,5;2,8;98;71;0;0
2024-07-23 00:00:00;2024;7;23;1;30;0;0;0;0;0;0;1;0;0;0;-0,5;-0,866025404;0,951056516;0,309016994;568;6,343880434;1;4;1,8;8,5;2,8;100;62;0;0
2024-07-24 00:00:00;2024;7;24;2;30;0;0;0;0;0;0;0;1;0;0;-0,5;-0,866025404;0,587785252;-0,809016994;569;6,345636361;1;4;1,8;8,5;2,8;121;57;0;0
2024-07-25 00:00:00;2024;7;25;3;30;0;0;0;0;1;0;0;0;1;0;-0,5;-0,866025404;-0,587785252;-0,809016994;570;6,34738921;1;4;1,8;8,5;2,8;88;48;0;0
2024-07-26 00:00:00;2024;7;26;4;30;0;0;0;0;1;0;0;0;0;1;-0,5;-0,866025404;-0,951056516;0,309016994;571;6,349138991;1;4;1,8;8,5;2,8;108;62;0;0
2024-07-29 00:00:00;2024;7;29;0;31;0;0;0;0;1;1;0;0;0;0;-0,5;-0,866025404;0;1;574;6,354370041;1;4;1,8;8,5;2,8;83;82;0;0
2024-07-30 00:00:00;2024;7;30;1;31;0;0;0;0;1;0;1;0;0;0;-0,5;-0,866025404;0,951056516;0,309016994;575;6,356107661;1;4;1,8;8,5;2,8;99;68;0;0
2024-07-31 00:00:00;2024;7;31;2;31;0;0;0;0;1;0;0;1;0;0;-0,5;-0,866025404;0,587785252;-0,809016994;576;6,357842267;1;4;1,8;8,5;2,8;106;68;0;0
2024-08-01 00:00:00;2024;8;1;3;31;0;0;1;0;0;0;0;0;1;0;-0,866025404;-0,5;-0,587785252;-0,809016994;577;6,359573869;1;4;1,8;8,5;2,8;106;42;0;0
2024-08-02 00:00:00;2024;8;2;4;31;0;0;1;0;0;0;0;0;0;1;-0,866025404;-0,5;-0,951056516;0,309016994;578;6,361302478;1;4;1,8;8,5;2,8;95;95;0;0
2024-08-05 00:00:00;2024;8;5;0;32;0;0;1;0;0;1;0;0;0;0;-0,866025404;-0,5;0;1;581;6,366470448;1;4;1,8;8,5;2,8;81;92;0;0
2024-08-06 00:00:00;2024;8;6;1;32;0;0;0;0;0;0;1;0;0;0;-0,866025404;-0,5;0,951056516;0,309016994;582;6,368187186;1;4;1,8;8,5;2,8;107;0;0;0
2024-08-07 00:00:00;2024;8;7;2;32;0;0;0;0;0;0;0;1;0;0;-0,866025404;-0,5;0,587785252;-0,809016994;583;6,369900983;1;4;1,8;8,5;2,8;81;0;0;0
2024-08-08 00:00:00;2024;8;8;3;32;0;0;0;0;0;0;0;0;1;0;-0,866025404;-0,5;-0,587785252;-0,809016994;584;6,371611847;1;4;1,8;8,5;2,8;105;96;0;0
2024-08-12 00:00:00;2024;8;12;0;33;0;0;0;0;0;1;0;0;0;0;-0,866025404;-0,5;0;1;588;6,378426184;1;4;1,8;8,5;2,8;105;70;0;0
2024-08-13 00:00:00;2024;8;13;1;33;0;0;0;1;0;0;1;0;0;0;-0,866025404;-0,5;0,951056516;0,309016994;589;6,380122537;1;4;1,8;8,5;2,8;102;61;0;0
2024-08-14 00:00:00;2024;8;14;2;33;0;0;0;1;0;0;0;1;0;0;-0,866025404;-0,5;0,587785252;-0,809016994;590;6,381816017;1;4;1,8;8,5;2,8;106;48;0;0
2024-08-15 00:00:00;2024;8;15;3;33;0;0;0;1;0;0;0;0;1;0;-0,866025404;-0,5;-0,587785252;-0,809016994;591;6,383506635;1;4;1,8;8,5;2,8;98;44;0;0
2024-08-16 00:00:00;2024;8;16;4;33;0;0;0;1;0;0;0;0;0;1;-0,866025404;-0,5;-0,951056516;0,309016994;592;6,385194399;1;4;1,8;8,5;2,8;103;85;0;0
2024-08-19 00:00:00;2024;8;19;0;34;0;0;0;0;0;1;0;0;0;0;-0,866025404;-0,5;0;1;595;6,390240667;1;4;1,8;8,5;2,8;112;77;0;0
2024-08-20 00:00:00;2024;8;20;1;34;0;0;0;0;0;0;1;0;0;0;-0,866025404;-0,5;0,951056516;0,309016994;596;6,391917113;1;4;1,8;8,5;2,8;110;61;0;0
2024-08-21 00:00:00;2024;8;21;2;34;0;0;0;0;0;0;0;1;0;0;-0,866025404;-0,5;0,587785252;-0,809016994;597;6,393590754;1;4;1,8;8,5;2,8;109;0;0;0
2024-08-22 00:00:00;2024;8;22;3;34;0;0;0;0;0;0;0;0;1;0;-0,866025404;-0,5;-0,587785252;-0,809016994;598;6,395261598;1;4;1,8;8,5;2,8;83;68;0;0
2024-08-23 00:00:00;2024;8;23;4;34;0;0;0;0;0;0;0;0;0;1;-0,866025404;-0,5;-0,951056516;0,309016994;599;6,396929655;1;4;1,8;8,5;2,8;112;65;0;0
2024-08-26 00:00:00;2024;8;26;0;35;0;0;0;0;1;1;0;0;0;0;-0,866025404;-0,5;0;1;602;6,401917197;1;4;1,8;8,5;2,8;117;75;0;0
2024-08-27 00:00:00;2024;8;27;1;35;0;0;0;0;1;0;1;0;0;0;-0,866025404;-0,5;0,951056516;0,309016994;603;6,403574198;1;4;1,8;8,5;2,8;87;58;0;0
2024-08-28 00:00:00;2024;8;28;2;35;0;0;0;0;1;0;0;1;0;0;-0,866025404;-0,5;0,587785252;-0,809016994;604;6,405228458;1;4;1,8;8,5;2,8;101;42;0;0
2024-08-29 00:00:00;2024;8;29;3;35;0;0;0;0;1;0;0;0;1;0;-0,866025404;-0,5;-0,587785252;-0,809016994;605;6,406879986;1;4;1,8;8,5;2,8;88;57;0;0
2024-08-30 00:00:00;2024;8;30;4;35;0;0;0;0;1;0;0;0;0;1;-0,866025404;-0,5;-0,951056516;0,309016994;606;6,408528791;1;4;1,8;8,5;2,8;99;83;0;0
2024-09-02 00:00:00;2024;9;2;0;36;0;0;1;0;0;1;0;0;0;0;-1;-1,83697E-16;0;1;609;6,413458957;1;4,5;1,8;8,5;2,8;77;81;0;0
2024-09-03 00:00:00;2024;9;3;1;36;0;0;1;0;0;0;1;0;0;0;-1;-1,83697E-16;0,951056516;0,309016994;610;6,415096959;1;4,5;1,8;8,5;2,8;108;50;0;0
2024-09-04 00:00:00;2024;9;4;2;36;0;0;1;0;0;0;0;1;0;0;-1;-1,83697E-16;0,587785252;-0,809016994;611;6,416732283;1;4,5;1,8;8,5;2,8;117;60;0;0
2024-09-05 00:00:00;2024;9;5;3;36;0;0;1;0;0;0;0;0;1;0;-1;-1,83697E-16;-0,587785252;-0,809016994;612;6,418364936;1;4,5;1,8;8,5;2,8;103;0;0;0
2024-09-06 00:00:00;2024;9;6;4;36;0;0;0;0;0;0;0;0;0;1;-1;-1,83697E-16;-0,951056516;0,309016994;613;6,419994928;1;4,5;1,8;8,5;2,8;96;70;0;0
2024-09-09 00:00:00;2024;9;9;0;37;0;0;0;0;0;1;0;0;0;0;-1;-1,83697E-16;0;1;616;6,424869024;1;4,5;1,8;8,5;2,8;98;71;0;0
2024-09-10 00:00:00;2024;9;10;1;37;0;0;0;0;0;0;1;0;0;0;-1;-1,83697E-16;0,951056516;0,309016994;617;6,426488457;1;4,5;1,8;8,5;2,8;104;46;0;0
2024-09-11 00:00:00;2024;9;11;2;37;0;0;0;0;0;0;0;1;0;0;-1;-1,83697E-16;0,587785252;-0,809016994;618;6,428105273;1;4,5;1,8;8,5;2,8;131;46;0;0
2024-09-12 00:00:00;2024;9;12;3;37;0;0;0;0;0;0;0;0;1;0;-1;-1,83697E-16;-0,587785252;-0,809016994;619;6,429719478;1;4,5;1,8;8,5;2,8;98;77;0;0
2024-09-13 00:00:00;2024;9;13;4;37;0;0;0;1;0;0;0;0;0;1;-1;-1,83697E-16;-0,951056516;0,309016994;620;6,431331082;1;4,5;1,8;8,5;2,8;110;71;0;0
2024-09-16 00:00:00;2024;9;16;0;38;0;0;0;1;0;1;0;0;0;0;-1;-1,83697E-16;0;1;623;6,436150368;1;4,5;1,8;8,5;2,8;94;87;0;0
2024-09-17 00:00:00;2024;9;17;1;38;0;0;0;1;0;0;1;0;0;0;-1;-1,83697E-16;0,951056516;0,309016994;624;6,43775165;1;4,5;1,8;8,5;2,8;88;73;0;0
2024-09-18 00:00:00;2024;9;18;2;38;0;0;0;0;0;0;0;1;0;0;-1;-1,83697E-16;0,587785252;-0,809016994;625;6,439350371;1;4,5;1,8;8,5;2,8;94;50;0;0
2024-09-19 00:00:00;2024;9;19;3;38;0;0;0;0;0;0;0;0;1;0;-1;-1,83697E-16;-0,587785252;-0,809016994;626;6,440946541;1;4,5;1,8;8,5;2,8;109;46;0;0
2024-09-20 00:00:00;2024;9;20;4;38;0;0;0;0;0;0;0;0;0;1;-1;-1,83697E-16;-0,951056516;0,309016994;627;6,442540166;1;4,5;1,8;8,5;2,8;109;71;0;0
2024-09-23 00:00:00;2024;9;23;0;39;0;0;0;0;0;1;0;0;0;0;-1;-1,83697E-16;0;1;630;6,447305863;1;4,5;1,8;8,5;2,8;95;88;0;0
2024-09-24 00:00:00;2024;9;24;1;39;0;0;0;0;0;0;1;0;0;0;-1;-1,83697E-16;0,951056516;0,309016994;631;6,448889394;1;4,5;1,8;8,5;2,8;100;54;0;0
2024-09-26 00:00:00;2024;9;26;3;39;0;0;0;0;1;0;0;0;1;0;-1;-1,83697E-16;-0,587785252;-0,809016994;633;6,452048954;1;4,5;1,8;8,5;2,8;128;48;0;0
2024-09-27 00:00:00;2024;9;27;4;39;0;0;0;0;1;0;0;0;0;1;-1;-1,83697E-16;-0,951056516;0,309016994;634;6,453624999;1;4,5;1,8;8,5;2,8;117;65;0;0
2024-09-30 00:00:00;2024;9;30;0;40;0;0;0;0;1;1;0;0;0;0;-1;-1,83697E-16;0;1;637;6,458338283;1;4,5;1,8;8,5;2,8;104;70;0;0
2024-10-01 00:00:00;2024;10;1;1;40;0;1;1;0;0;0;1;0;0;0;-0,866025404;0,5;0,951056516;0,309016994;638;6,459904454;1;4,5;1,8;8,5;2,8;0;53;0;19
2024-10-02 00:00:00;2024;10;2;2;40;0;1;1;0;0;0;0;1;0;0;-0,866025404;0,5;0,587785252;-0,809016994;639;6,461468176;1;4,5;1,8;8,5;2,8;122;43;0;22
2024-10-03 00:00:00;2024;10;3;3;40;0;1;1;0;0;0;0;0;1;0;-0,866025404;0,5;-0,587785252;-0,809016994;640;6,463029457;1;4,5;1,8;8,5;2,8;102;68;0;23
2024-10-04 00:00:00;2024;10;4;4;40;0;1;1;0;0;0;0;0;0;1;-0,866025404;0,5;-0,951056516;0,309016994;641;6,464588304;1;4,5;1,8;8,5;2,8;109;68;0;26
2024-10-07 00:00:00;2024;10;7;0;41;0;1;0;0;0;1;0;0;0;0;-0,866025404;0,5;0;1;644;6,469250317;1;4,5;1,8;8,5;2,8;88;85;0;24
2024-10-08 00:00:00;2024;10;8;1;41;0;1;0;0;0;0;1;0;0;0;-0,866025404;0,5;0,951056516;0,309016994;645;6,470799504;1;4,5;1,8;8,5;2,8;122;52;0;21
2024-10-09 00:00:00;2024;10;9;2;41;0;1;0;0;0;0;0;1;0;0;-0,866025404;0,5;0,587785252;-0,809016994;646;6,472346295;1;4,5;1,8;8,5;2,8;87;69;0;19
2024-10-10 00:00:00;2024;10;10;3;41;0;1;0;0;0;0;0;0;1;0;-0,866025404;0,5;-0,587785252;-0,809016994;647;6,473890696;1;4,5;1,8;8,5;2,8;130;90;0;33
2024-10-14 00:00:00;2024;10;14;0;42;0;1;0;1;0;1;0;0;0;0;-0,866025404;0,5;0;1;651;6,480044562;1;4,5;1,8;8,5;2,8;104;0;0;21
2024-10-15 00:00:00;2024;10;15;1;42;0;1;0;1;0;0;1;0;0;0;-0,866025404;0,5;0,951056516;0,309016994;652;6,481577129;1;4,5;1,8;8,5;2,8;103;58;0;20
2024-10-16 00:00:00;2024;10;16;2;42;0;1;0;1;0;0;0;1;0;0;-0,866025404;0,5;0,587785252;-0,809016994;653;6,483107351;1;4,5;1,8;8,5;2,8;93;55;0;18
2024-10-17 00:00:00;2024;10;17;3;42;0;1;0;1;0;0;0;0;1;0;-0,866025404;0,5;-0,587785252;-0,809016994;654;6,484635236;1;4,5;1,8;8,5;2,8;104;64;0;19
2024-10-18 00:00:00;2024;10;18;4;42;0;1;0;0;0;0;0;0;0;1;-0,866025404;0,5;-0,951056516;0,309016994;655;6,486160789;1;4,5;1,8;8,5;2,8;113;74;0;23
2024-10-21 00:00:00;2024;10;21;0;43;0;1;0;0;0;1;0;0;0;0;-0,866025404;0,5;0;1;658;6,490723535;1;4,5;1,8;8,5;2,8;110;88;0;29
2024-10-22 00:00:00;2024;10;22;1;43;0;1;0;0;0;0;1;0;0;0;-0,866025404;0,5;0,951056516;0,309016994;659;6,492239835;1;4,5;1,8;8,5;2,8;97;61;0;23
2024-10-23 00:00:00;2024;10;23;2;43;0;1;0;0;0;0;0;1;0;0;-0,866025404;0,5;0,587785252;-0,809016994;660;6,49375384;1;4,5;1,8;8,5;2,8;87;69;0;34
2024-10-24 00:00:00;2024;10;24;3;43;0;1;0;0;0;0;0;0;1;0;-0,866025404;0,5;-0,587785252;-0,809016994;661;6,495265556;1;4,5;1,8;8,5;2,8;107;53;0;23
2024-10-25 00:00:00;2024;10;25;4;43;0;1;0;0;1;0;0;0;0;1;-0,866025404;0,5;-0,951056516;0,309016994;662;6,49677499;1;4,5;1,8;8,5;2,8;92;89;0;0
2024-10-28 00:00:00;2024;10;28;0;44;0;1;0;0;1;1;0;0;0;0;-0,866025404;0,5;0;1;665;6,501289671;1;4,5;1,8;8,5;2,8;231;76;0;0
2024-10-29 00:00:00;2024;10;29;1;44;0;1;0;0;1;0;1;0;0;0;-0,866025404;0,5;0,951056516;0,309016994;666;6,502790046;1;4,5;1,8;8,5;2,8;108;44;0;22
2024-10-30 00:00:00;2024;10;30;2;44;0;1;0;0;1;0;0;1;0;0;-0,866025404;0,5;0,587785252;-0,809016994;667;6,504288174;1;4,5;1,8;8,5;2,8;120;46;0;22
2024-10-31 00:00:00;2024;10;31;3;44;0;1;0;0;1;0;0;0;1;0;-0,866025404;0,5;-0,587785252;-0,809016994;668;6,50578406;1;4,5;1,8;8,5;2,8;118;78;0;22
2024-11-05 00:00:00;2024;11;5;1;45;0;0;1;0;0;0;1;0;0;0;-0,5;0,866025404;0,951056516;0,309016994;673;6,513230111;1;4,5;1,8;8,5;2,8;84;0;0;0
2024-11-06 00:00:00;2024;11;6;2;45;0;0;0;0;0;0;0;1;0;0;-0,5;0,866025404;0,587785252;-0,809016994;674;6,514712691;1;4,5;1,8;8,5;2,8;112;40;0;0
2024-11-07 00:00:00;2024;11;7;3;45;0;0;0;0;0;0;0;0;1;0;-0,5;0,866025404;-0,587785252;-0,809016994;675;6,516193076;1;4,5;1,8;8,5;2,8;106;55;0;0
2024-11-08 00:00:00;2024;11;8;4;45;0;0;0;0;0;0;0;0;0;1;-0,5;0,866025404;-0,951056516;0,309016994;676;6,517671273;1;4,5;1,8;8,5;2,8;104;82;0;0
2024-11-11 00:00:00;2024;11;11;0;46;0;0;0;0;0;1;0;0;0;0;-0,5;0,866025404;0;1;679;6,522092798;1;4,5;1,8;8,5;2,8;95;68;0;0
2024-11-12 00:00:00;2024;11;12;1;46;0;0;0;0;0;0;1;0;0;0;-0,5;0,866025404;0,951056516;0,309016994;680;6,523562306;1;4,5;1,8;8,5;2,8;114;0;0;0
2024-11-13 00:00:00;2024;11;13;2;46;0;0;0;1;0;0;0;1;0;0;-0,5;0,866025404;0,587785252;-0,809016994;681;6,525029658;1;4,5;1,8;8,5;2,8;99;71;0;0
2024-11-14 00:00:00;2024;11;14;3;46;0;0;0;1;0;0;0;0;1;0;-0,5;0,866025404;-0,587785252;-0,809016994;682;6,52649486;1;4,5;1,8;8,5;2,8;82;67;0;0
2024-11-15 00:00:00;2024;11;15;4;46;0;0;0;1;0;0;0;0;0;1;-0,5;0,866025404;-0,951056516;0,309016994;683;6,527957918;1;4,5;1,8;8,5;2,8;96;88;0;0
2024-11-18 00:00:00;2024;11;18;0;47;0;0;0;0;0;1;0;0;0;0;-0,5;0,866025404;0;1;686;6,532334292;1;4,5;1,8;8,5;2,8;118;71;0;0
2024-11-19 00:00:00;2024;11;19;1;47;0;0;0;0;0;0;1;0;0;0;-0,5;0,866025404;0,951056516;0,309016994;687;6,533788838;1;4,5;1,8;8,5;2,8;100;56;0;0
2024-11-20 00:00:00;2024;11;20;2;47;0;0;0;0;0;0;0;1;0;0;-0,5;0,866025404;0,587785252;-0,809016994;688;6,535241271;1;4,5;1,8;8,5;2,8;114;42;0;0
2024-11-21 00:00:00;2024;11;21;3;47;0;0;0;0;0;0;0;0;1;0;-0,5;0,866025404;-0,587785252;-0,809016994;689;6,536691598;1;4,5;1,8;8,5;2,8;117;55;0;0
2024-11-22 00:00:00;2024;11;22;4;47;0;0;0;0;0;0;0;0;0;1;-0,5;0,866025404;-0,951056516;0,309016994;690;6,538139824;1;4,5;1,8;8,5;2,8;94;89;0;0
2024-11-25 00:00:00;2024;11;25;0;48;0;0;0;0;1;1;0;0;0;0;-0,5;0,866025404;0;1;693;6,542471961;1;4,5;1,8;8,5;2,8;93;79;0;0
2024-11-26 00:00:00;2024;11;26;1;48;0;0;0;0;1;0;1;0;0;0;-0,5;0,866025404;0,951056516;0,309016994;694;6,543911846;1;4,5;1,8;8,5;2,8;100;66;0;0
2024-11-27 00:00:00;2024;11;27;2;48;0;0;0;0;1;0;0;1;0;0;-0,5;0,866025404;0,587785252;-0,809016994;695;6,54534966;1;4,5;1,8;8,5;2,8;97;55;0;0
2024-11-28 00:00:00;2024;11;28;3;48;0;0;0;0;1;0;0;0;1;0;-0,5;0,866025404;-0,587785252;-0,809016994;696;6,546785411;1;4,5;1,8;8,5;2,8;98;68;0;0
2024-11-29 00:00:00;2024;11;29;4;48;0;0;0;0;1;0;0;0;0;1;-0,5;0,866025404;-0,951056516;0,309016994;697;6,548219103;1;4,5;1,8;8,5;2,8;82;96;0;0
2024-12-02 00:00:00;2024;12;2;0;49;0;0;1;0;0;1;0;0;0;0;-2,44929E-16;1;0;1;700;6,552507887;1;4,5;1,8;8,5;2,8;111;69;0;0
2024-12-03 00:00:00;2024;12;3;1;49;0;0;1;0;0;0;1;0;0;0;-2,44929E-16;1;0,951056516;0,309016994;701;6,553933404;1;4,5;1,8;8,5;2,8;113;53;0;0
2024-12-04 00:00:00;2024;12;4;2;49;0;0;1;0;0;0;0;1;0;0;-2,44929E-16;1;0,587785252;-0,809016994;702;6,555356892;1;4,5;1,8;8,5;2,8;118;53;0;0
2024-12-05 00:00:00;2024;12;5;3;49;0;0;1;0;0;0;0;0;1;0;-2,44929E-16;1;-0,587785252;-0,809016994;703;6,556778356;1;4,5;1,8;8,5;2,8;112;62;0;0
2024-12-09 00:00:00;2024;12;9;0;50;0;0;0;0;0;1;0;0;0;0;-2,44929E-16;1;0;1;707;6,562444094;1;4,5;1,8;8,5;2,8;112;64;0;0
2024-12-10 00:00:00;2024;12;10;1;50;0;0;0;0;0;0;1;0;0;0;-2,44929E-16;1;0,951056516;0,309016994;708;6,563855527;1;4,5;1,8;8,5;2,8;115;58;0;0
2024-12-11 00:00:00;2024;12;11;2;50;0;0;0;0;0;0;0;1;0;0;-2,44929E-16;1;0,587785252;-0,809016994;709;6,56526497;1;4,5;1,8;8,5;2,8;89;43;0;0
2024-12-12 00:00:00;2024;12;12;3;50;0;0;0;0;0;0;0;0;1;0;-2,44929E-16;1;-0,587785252;-0,809016994;710;6,56667243;1;4,5;1,8;8,5;2,8;115;0;0;0
2024-12-13 00:00:00;2024;12;13;4;50;0;0;0;1;0;0;0;0;0;1;-2,44929E-16;1;-0,951056516;0,309016994;711;6,568077911;1;4,5;1,8;8,5;2,8;99;103;0;0
2024-12-16 00:00:00;2024;12;16;0;51;0;0;0;1;0;1;0;0;0;0;-2,44929E-16;1;0;1;714;6,572282543;1;4,5;1,8;8,5;2,8;113;0;0;0
2024-12-17 00:00:00;2024;12;17;1;51;0;0;0;1;0;0;1;0;0;0;-2,44929E-16;1;0,951056516;0,309016994;715;6,573680167;1;4,5;1,8;8,5;2,8;100;62;0;0
2024-12-18 00:00:00;2024;12;18;2;51;0;0;0;0;0;0;0;1;0;0;-2,44929E-16;1;0,587785252;-0,809016994;716;6,575075841;1;4,5;1,8;8,5;2,8;97;53;0;0
2024-12-19 00:00:00;2024;12;19;3;51;0;0;0;0;0;0;0;0;1;0;-2,44929E-16;1;-0,587785252;-0,809016994;717;6,576469569;1;4,5;1,8;8,5;2,8;120;47;0;0
2024-12-20 00:00:00;2024;12;20;4;51;0;0;0;0;0;0;0;0;0;1;-2,44929E-16;1;-0,951056516;0,309016994;718;6,577861358;1;4,5;1,8;8,5;2,8;100;86;0;0
2024-12-23 00:00:00;2024;12;23;0;52;0;0;0;0;0;1;0;0;0;0;-2,44929E-16;1;0;1;721;6,582025139;1;4,5;1,8;8,5;2,8;104;85;0;0
2024-12-24 00:00:00;2024;12;24;1;52;0;0;0;0;0;0;1;0;0;0;-2,44929E-16;1;0,951056516;0,309016994;722;6,583409222;1;4,5;1,8;8,5;2,8;88;65;0;0
2024-12-26 00:00:00;2024;12;26;3;52;0;0;0;0;1;0;0;0;1;0;-2,44929E-16;1;-0,587785252;-0,809016994;724;6,586171655;1;4,5;1,8;8,5;2,8;92;0;0;0
2024-12-27 00:00:00;2024;12;27;4;52;0;0;0;0;1;0;0;0;0;1;-2,44929E-16;1;-0,951056516;0,309016994;725;6,587550015;1;4,5;1,8;8,5;2,8;117;77;0;0
2024-12-30 00:00:00;2024;12;30;0;1;0;0;0;0;1;1;0;0;0;0;-2,44929E-16;1;0;1;728;6,591673732;1;4,5;1,8;8,5;2,8;74;88;0;0
2025-01-02 00:00:00;2025;1;2;3;1;0;0;1;0;0;0;0;0;1;0;0,5;0,866025404;-0,587785252;-0,809016994;731;6,595780514;2;4,5;1,8;10;3,5;124;71;0;0
2025-01-03 00:00:00;2025;1;3;4;1;0;0;1;0;0;0;0;0;0;1;0,5;0,866025404;-0,951056516;0,309016994;732;6,597145702;2;4,5;1,8;10;3,5;72;88;0;0
2025-01-06 00:00:00;2025;1;6;0;2;0;0;0;0;0;1;0;0;0;0;0,5;0,866025404;0;1;735;6,601230119;2;4,5;1,8;10;3,5;104;87;0;0
2025-01-07 00:00:00;2025;1;7;1;2;0;0;0;0;0;0;1;0;0;0;0,5;0,866025404;0,951056516;0,309016994;736;6,602587892;2;4,5;1,8;10;3,5;113;58;0;0
2025-01-08 00:00:00;2025;1;8;2;2;0;0;0;0;0;0;0;1;0;0;0,5;0,866025404;0,587785252;-0,809016994;737;6,603943825;2;4,5;1,8;10;3,5;137;48;0;0
2025-01-09 00:00:00;2025;1;9;3;2;0;0;0;0;0;0;0;0;1;0;0,5;0,866025404;-0,587785252;-0,809016994;738;6,605297921;2;4,5;1,8;10;3,5;95;79;0;0
2025-01-10 00:00:00;2025;1;10;4;2;0;0;0;0;0;0;0;0;0;1;0,5;0,866025404;-0,951056516;0,309016994;739;6,606650186;2;4,5;1,8;10;3,5;115;78;0;0
2025-01-13 00:00:00;2025;1;13;0;3;0;0;0;1;0;1;0;0;0;0;0,5;0,866025404;0;1;742;6,610696045;2;4,5;1,8;10;3,5;107;80;0;0
2025-01-14 00:00:00;2025;1;14;1;3;0;0;0;1;0;0;1;0;0;0;0,5;0,866025404;0,951056516;0,309016994;743;6,612041035;2;4,5;1,8;10;3,5;119;0;0;0
2025-01-15 00:00:00;2025;1;15;2;3;0;0;0;1;0;0;0;1;0;0;0,5;0,866025404;0,587785252;-0,809016994;744;6,613384218;2;4,5;1,8;10;3,5;129;64;0;0
2025-01-16 00:00:00;2025;1;16;3;3;0;0;0;1;0;0;0;0;1;0;0,5;0,866025404;-0,587785252;-0,809016994;745;6,6147256;2;4,5;1,8;10;3,5;120;59;0;0
2025-01-17 00:00:00;2025;1;17;4;3;0;0;0;1;0;0;0;0;0;1;0,5;0,866025404;-0,951056516;0,309016994;746;6,616065185;2;4,5;1,8;10;3,5;120;79;0;0
2025-01-20 00:00:00;2025;1;20;0;4;0;0;0;0;0;1;0;0;0;0;0,5;0,866025404;0;1;749;6,620073207;2;4,5;1,8;10;3,5;90;75;0;0
2025-01-21 00:00:00;2025;1;21;1;4;0;0;0;0;0;0;1;0;0;0;0,5;0,866025404;0,951056516;0,309016994;750;6,621405652;2;4,5;1,8;10;3,5;117;65;0;0
2025-01-22 00:00:00;2025;1;22;2;4;0;0;0;0;0;0;0;1;0;0;0,5;0,866025404;0,587785252;-0,809016994;751;6,622736324;2;4,5;1,8;10;3,5;98;47;0;0
2025-01-23 00:00:00;2025;1;23;3;4;0;0;0;0;0;0;0;0;1;0;0,5;0,866025404;-0,587785252;-0,809016994;752;6,624065228;2;4,5;1,8;10;3,5;127;58;0;0
2025-01-24 00:00:00;2025;1;24;4;4;0;0;0;0;0;0;0;0;0;1;0,5;0,866025404;-0,951056516;0,309016994;753;6,625392368;2;4,5;1,8;10;3,5;91;91;0;0
2025-01-27 00:00:00;2025;1;27;0;5;0;0;0;0;1;1;0;0;0;0;0,5;0,866025404;0;1;756;6,629363253;2;4,5;1,8;10;3,5;105;59;0;0
2025-01-28 00:00:00;2025;1;28;1;5;0;0;0;0;1;0;1;0;0;0;0,5;0,866025404;0,951056516;0,309016994;757;6,630683386;2;4,5;1,8;10;3,5;113;62;0;0
2025-01-29 00:00:00;2025;1;29;2;5;0;0;0;0;1;0;0;1;0;0;0,5;0,866025404;0,587785252;-0,809016994;758;6,632001777;2;4,5;1,8;10;3,5;89;71;0;0
2025-01-30 00:00:00;2025;1;30;3;5;0;0;0;0;1;0;0;0;1;0;0,5;0,866025404;-0,587785252;-0,809016994;759;6,633318433;2;4,5;1,8;10;3,5;136;52;0;0
2025-01-31 00:00:00;2025;1;31;4;5;0;0;0;0;1;0;0;0;0;1;0,5;0,866025404;-0,951056516;0,309016994;760;6,634633358;2;4,5;1,8;10;3,5;89;77;0;0
2025-02-03 00:00:00;2025;2;3;0;6;1;0;1;0;0;1;0;0;0;0;0,866025404;0,5;0;1;763;6,638567789;2;4,5;1,8;10;3,5;95;88;0;0
2025-02-04 00:00:00;2025;2;4;1;6;1;0;1;0;0;0;1;0;0;0;0,866025404;0,5;0,951056516;0,309016994;764;6,639875834;2;4,5;1,8;10;3,5;134;65;0;0
2025-02-05 00:00:00;2025;2;5;2;6;1;0;1;0;0;0;0;1;0;0;0,866025404;0,5;0,587785252;-0,809016994;765;6,64118217;2;4,5;1,8;10;3,5;101;60;0;0
2025-02-06 00:00:00;2025;2;6;3;6;1;0;0;0;0;0;0;0;1;0;0,866025404;0,5;-0,587785252;-0,809016994;766;6,642486801;2;4,5;1,8;10;3,5;99;63;0;0
2025-02-07 00:00:00;2025;2;7;4;6;1;0;0;0;0;0;0;0;0;1;0,866025404;0,5;-0,951056516;0,309016994;767;6,643789733;2;4,5;1,8;10;3,5;99;95;0;0
2025-02-10 00:00:00;2025;2;10;0;7;1;0;0;0;0;1;0;0;0;0;0,866025404;0,5;0;1;770;6,647688374;2;4,5;1,8;10;3,5;97;93;0;0
2025-02-11 00:00:00;2025;2;11;1;7;1;0;0;0;0;0;1;0;0;0;0,866025404;0,5;0,951056516;0,309016994;771;6,64898455;2;4,5;1,8;10;3,5;133;47;0;0
2025-02-12 00:00:00;2025;2;12;2;7;1;0;0;0;0;0;0;1;0;0;0,866025404;0,5;0,587785252;-0,809016994;772;6,650279049;2;4,5;1,8;10;3,5;104;61;0;0
2025-02-13 00:00:00;2025;2;13;3;7;1;0;0;1;0;0;0;0;1;0;0,866025404;0,5;-0,587785252;-0,809016994;773;6,651571874;2;4,5;1,8;10;3,5;128;54;0;0
2025-02-14 00:00:00;2025;2;14;4;7;1;0;0;1;0;0;0;0;0;1;0,866025404;0,5;-0,951056516;0,309016994;774;6,652863029;2;4,5;1,8;10;3,5;94;0;0;0
2025-02-17 00:00:00;2025;2;17;0;8;1;0;0;1;0;1;0;0;0;0;0,866025404;0,5;0;1;777;6,656726524;2;4,5;1,8;10;3,5;93;77;17;0
2025-02-18 00:00:00;2025;2;18;1;8;1;0;0;0;0;0;1;0;0;0;0,866025404;0,5;0,951056516;0,309016994;778;6,658011046;2;4,5;1,8;10;3,5;115;42;21;0
2025-02-19 00:00:00;2025;2;19;2;8;1;0;0;0;0;0;0;1;0;0;0,866025404;0,5;0,587785252;-0,809016994;779;6,65929392;2;4,5;1,8;10;3,5;97;71;20;0
2025-02-20 00:00:00;2025;2;20;3;8;1;0;0;0;0;0;0;0;1;0;0,866025404;0,5;-0,587785252;-0,809016994;780;6,66057515;2;4,5;1,8;10;3,5;92;0;14;0
2025-02-21 00:00:00;2025;2;21;4;8;1;0;0;0;0;0;0;0;0;1;0,866025404;0,5;-0,951056516;0,309016994;781;6,661854741;2;4,5;1,8;10;3,5;82;81;16;0
2025-02-24 00:00:00;2025;2;24;0;9;1;0;0;0;0;1;0;0;0;0;0,866025404;0,5;0;1;784;6,665683718;2;4,5;1,8;10;3,5;87;62;17;0
2025-02-25 00:00:00;2025;2;25;1;9;1;0;0;0;1;0;1;0;0;0;0,866025404;0,5;0,951056516;0,309016994;785;6,666956792;2;4,5;1,8;10;3,5;85;66;19;0
2025-02-26 00:00:00;2025;2;26;2;9;1;0;0;0;1;0;0;1;0;0;0,866025404;0,5;0,587785252;-0,809016994;786;6,668228248;2;4,5;1,8;10;3,5;99;42;17;0
2025-02-27 00:00:00;2025;2;27;3;9;1;0;0;0;1;0;0;0;1;0;0,866025404;0,5;-0,587785252;-0,809016994;787;6,66949809;2;4,5;1,8;10;3,5;79;64;19;0
2025-02-28 00:00:00;2025;2;28;4;9;1;0;0;0;1;0;0;0;0;1;0,866025404;0,5;-0,951056516;0,309016994;788;6,670766321;2;4,5;1,8;10;3,5;84;98;0;0
2025-03-05 00:00:00;2025;3;5;2;10;1;0;1;0;0;0;0;1;0;0;1;6,12323E-17;0,587785252;-0,809016994;793;6,677083461;2;4,5;1,8;10;3,5;119;48;22;0
2025-03-06 00:00:00;2025;3;6;3;10;1;0;0;0;0;0;0;0;1;0;1;6,12323E-17;-0,587785252;-0,809016994;794;6,678342115;2;4,5;1,8;10;3,5;132;53;0;0
2025-03-07 00:00:00;2025;3;7;4;10;1;0;0;0;0;0;0;0;0;1;1;6,12323E-17;-0,951056516;0,309016994;795;6,679599186;2;4,5;1,8;10;3,5;114;86;0;0
2025-03-10 00:00:00;2025;3;10;0;11;1;0;0;0;0;1;0;0;0;0;1;6,12323E-17;0;1;798;6,683360946;2;4,5;1,8;10;3,5;103;68;0;0
2025-03-11 00:00:00;2025;3;11;1;11;1;0;0;0;0;0;1;0;0;0;1;6,12323E-17;0,951056516;0,309016994;799;6,684611728;2;4,5;1,8;10;3,5;109;73;0;0
2025-03-12 00:00:00;2025;3;12;2;11;1;0;0;0;0;0;0;1;0;0;1;6,12323E-17;0,587785252;-0,809016994;800;6,685860947;2;4,5;1,8;10;3,5;113;61;0;0
2025-03-13 00:00:00;2025;3;13;3;11;1;0;0;1;0;0;0;0;1;0;1;6,12323E-17;-0,587785252;-0,809016994;801;6,687108608;2;4,5;1,8;10;3,5;106;74;0;0
2025-03-14 00:00:00;2025;3;14;4;11;1;0;0;1;0;0;0;0;0;1;1;6,12323E-17;-0,951056516;0,309016994;802;6,688354714;2;4,5;1,8;10;3,5;102;63;0;0
2025-03-17 00:00:00;2025;3;17;0;12;1;0;0;1;0;1;0;0;0;0;1;6,12323E-17;0;1;805;6,692083743;2;4,5;1,8;10;3,5;97;75;0;0
2025-03-18 00:00:00;2025;3;18;1;12;1;0;0;0;0;0;1;0;0;0;1;6,12323E-17;0,951056516;0,309016994;806;6,693323668;2;4,5;1,8;10;3,5;133;48;0;0
2025-03-19 00:00:00;2025;3;19;2;12;1;0;0;0;0;0;0;1;0;0;1;6,12323E-17;0,587785252;-0,809016994;807;6,694562059;2;4,5;1,8;10;3,5;106;78;0;0
2025-03-20 00:00:00;2025;3;20;3;12;1;0;0;0;0;0;0;0;1;0;1;6,12323E-17;-0,587785252;-0,809016994;808;6,695798917;2;4,5;1,8;10;3,5;109;52;0;0
2025-03-21 00:00:00;2025;3;21;4;12;1;0;0;0;0;0;0;0;0;1;1;6,12323E-17;-0,951056516;0,309016994;809;6,697034248;2;4,5;1,8;10;3,5;66;58;0;0
2025-03-24 00:00:00;2025;3;24;0;13;1;0;0;0;0;1;0;0;0;0;1;6,12323E-17;0;1;812;6,70073111;2;4,5;1,8;10;3,5;93;96;0;0
2025-03-25 00:00:00;2025;3;25;1;13;1;0;0;0;1;0;1;0;0;0;1;6,12323E-17;0,951056516;0,309016994;813;6,701960366;2;4,5;1,8;10;3,5;116;66;0;0
2025-03-26 00:00:00;2025;3;26;2;13;1;0;0;0;1;0;0;1;0;0;1;6,12323E-17;0,587785252;-0,809016994;814;6,703188113;2;4,5;1,8;10;3,5;102;77;0;0
2025-03-27 00:00:00;2025;3;27;3;13;1;0;0;0;1;0;0;0;1;0;1;6,12323E-17;-0,587785252;-0,809016994;815;6,704414355;2;4,5;1,8;10;3,5;101;37;0;0
2025-03-28 00:00:00;2025;3;28;4;13;1;0;0;0;1;0;0;0;0;1;1;6,12323E-17;-0,951056516;0,309016994;816;6,705639095;2;4,5;1,8;10;3,5;74;85;0;0
2025-03-31 00:00:00;2025;3;31;0;14;1;0;0;0;1;1;0;0;0;0;1;6,12323E-17;0;1;819;6,70930434;2;4,5;1,8;10;3,5;82;98;0;0
2025-04-01 00:00:00;2025;4;1;1;14;0;0;1;0;0;0;1;0;0;0;0,866025404;-0,5;0,951056516;0,309016994;820;6,710523109;2;4,5;1,8;10;3,5;108;75;0;0
2025-04-02 00:00:00;2025;4;2;2;14;0;0;1;0;0;0;0;1;0;0;0,866025404;-0,5;0,587785252;-0,809016994;821;6,711740395;2;4,5;1,8;10;3,5;106;81;0;0
2025-04-03 00:00:00;2025;4;3;3;14;0;0;1;0;0;0;0;0;1;0;0,866025404;-0,5;-0,587785252;-0,809016994;822;6,712956201;2;4,5;1,8;10;3,5;98;40;0;0
2025-04-04 00:00:00;2025;4;4;4;14;0;0;1;0;0;0;0;0;0;1;0,866025404;-0,5;-0,951056516;0,309016994;823;6,71417053;2;4,5;1,8;10;3,5;87;66;0;0
2025-04-07 00:00:00;2025;4;7;0;15;0;0;0;0;0;1;0;0;0;0;0,866025404;-0,5;0;1;826;6,717804695;2;4,5;1,8;10;3,5;89;0;0;0
2025-04-08 00:00:00;2025;4;8;1;15;0;0;0;0;0;0;1;0;0;0;0,866025404;-0,5;0,951056516;0,309016994;827;6,719013154;2;4,5;1,8;10;3,5;123;68;0;0
2025-04-09 00:00:00;2025;4;9;2;15;0;0;0;0;0;0;0;1;0;0;0,866025404;-0,5;0,587785252;-0,809016994;828;6,720220155;2;4,5;1,8;10;3,5;114;77;0;0
2025-04-10 00:00:00;2025;4;10;3;15;0;0;0;0;0;0;0;0;1;0;0,866025404;-0,5;-0,587785252;-0,809016994;829;6,721425701;2;4,5;1,8;10;3,5;104;66;0;0
2025-04-11 00:00:00;2025;4;11;4;15;0;0;0;0;0;0;0;0;0;1;0,866025404;-0,5;-0,951056516;0,309016994;830;6,722629795;2;4,5;1,8;10;3,5;70;73;0;0
2025-04-14 00:00:00;2025;4;14;0;16;0;0;0;1;0;1;0;0;0;0;0,866025404;-0,5;0;1;833;6,726233402;2;4,5;1,8;10;3,5;104;82;0;0
2025-04-15 00:00:00;2025;4;15;1;16;0;0;0;1;0;0;1;0;0;0;0,866025404;-0,5;0,951056516;0,309016994;834;6,727431725;2;4,5;1,8;10;3,5;136;53;0;0
2025-04-16 00:00:00;2025;4;16;2;16;0;0;0;1;0;0;0;1;0;0;0,866025404;-0,5;0,587785252;-0,809016994;835;6,728628613;2;4,5;1,8;10;3,5;117;78;0;0
2025-04-17 00:00:00;2025;4;17;3;16;0;0;0;1;0;0;0;0;1;0;0,866025404;-0,5;-0,587785252;-0,809016994;836;6,72982407;2;4,5;1,8;10;3,5;83;0;0;0
2025-04-18 00:00:00;2025;4;18;4;16;0;0;0;0;0;0;0;0;0;1;0,866025404;-0,5;-0,951056516;0,309016994;837;6,7310181;2;4,5;1,8;10;3,5;85;70;0;0
2025-04-21 00:00:00;2025;4;21;0;17;0;0;0;0;0;1;0;0;0;0;0,866025404;-0,5;0;1;840;6,73459166;2;4,5;1,8;10;3,5;114;68;0;0
2025-04-22 00:00:00;2025;4;22;1;17;0;0;0;0;0;0;1;0;0;0;0,866025404;-0,5;0,951056516;0,309016994;841;6,735780014;2;4,5;1,8;10;3,5;119;61;0;0
2025-04-23 00:00:00;2025;4;23;2;17;0;0;0;0;0;0;0;1;0;0;0,866025404;-0,5;0,587785252;-0,809016994;842;6,736966958;2;4,5;1,8;10;3,5;129;56;0;0
2025-04-24 00:00:00;2025;4;24;3;17;0;0;0;0;0;0;0;0;1;0;0,866025404;-0,5;-0,587785252;-0,809016994;843;6,738152495;2;4,5;1,8;10;3,5;122;0;0;0
2025-04-25 00:00:00;2025;4;25;4;17;0;0;0;0;1;0;0;0;0;1;0,866025404;-0,5;-0,951056516;0,309016994;844;6,739336627;2;4,5;1,8;10;3,5;85;84;0;0
2025-04-28 00:00:00;2025;4;28;0;18;0;0;0;0;1;1;0;0;0;0;0,866025404;-0,5;0;1;847;6,742880636;2;4,5;1,8;10;3,5;105;77;0;0
2025-04-29 00:00:00;2025;4;29;1;18;0;0;0;0;1;0;1;0;0;0;0,866025404;-0,5;0,951056516;0,309016994;848;6,744059186;2;4,5;1,8;10;3,5;118;64;0;0
2025-04-30 00:00:00;2025;4;30;2;18;0;0;0;0;1;0;0;1;0;0;0,866025404;-0,5;0,587785252;-0,809016994;849;6,745236349;2;4,5;1,8;10;3,5;133;66;0;0
2025-05-01 00:00:00;2025;5;1;3;18;0;0;1;0;0;0;0;0;1;0;0,5;-0,866025404;-0,587785252;-0,809016994;850;6,746412129;2;4,5;1,8;10;3,5;101;192;0;0
2025-05-05 00:00:00;2025;5;5;0;19;0;0;1;0;0;1;0;0;0;0;0,5;-0,866025404;0;1;854;6,751101469;2;4,5;1,8;10;3,5;89;78;0;0
2025-05-06 00:00:00;2025;5;6;1;19;0;0;0;0;0;0;1;0;0;0;0,5;-0,866025404;0,951056516;0,309016994;855;6,752270376;2;4,5;1,8;10;3,5;98;42;0;0
2025-05-07 00:00:00;2025;5;7;2;19;0;0;0;0;0;0;0;1;0;0;0,5;-0,866025404;0,587785252;-0,809016994;856;6,753437919;2;4,5;1,8;10;3,5;113;40;0;0
2025-05-08 00:00:00;2025;5;8;3;19;0;0;0;0;0;0;0;0;1;0;0,5;-0,866025404;-0,587785252;-0,809016994;857;6,754604099;2;4,5;1,8;10;3,5;105;59;0;0
2025-05-09 00:00:00;2025;5;9;4;19;0;0;0;0;0;0;0;0;0;1;0,5;-0,866025404;-0,951056516;0,309016994;858;6,755768922;2;4,5;1,8;10;3,5;106;87;0;0
2025-05-12 00:00:00;2025;5;12;0;20;0;0;0;0;0;1;0;0;0;0;0,5;-0,866025404;0;1;861;6,759255271;2;4,5;1,8;10;3,5;103;60;0;0
2025-05-13 00:00:00;2025;5;13;1;20;0;0;0;1;0;0;1;0;0;0;0,5;-0,866025404;0,951056516;0,309016994;862;6,760414691;2;4,5;1,8;10;3,5;122;68;0;0
2025-05-14 00:00:00;2025;5;14;2;20;0;0;0;1;0;0;0;1;0;0;0,5;-0,866025404;0,587785252;-0,809016994;863;6,761572769;2;4,5;1,8;10;3,5;117;70;0;0
2025-05-15 00:00:00;2025;5;15;3;20;0;0;0;1;0;0;0;0;1;0;0,5;-0,866025404;-0,587785252;-0,809016994;864;6,762729507;2;4,5;1,8;10;3,5;113;74;0;0
2025-05-16 00:00:00;2025;5;16;4;20;0;0;0;1;0;0;0;0;0;1;0,5;-0,866025404;-0,951056516;0,309016994;865;6,763884909;2;4,5;1,8;10;3,5;91;45;0;0
2025-05-19 00:00:00;2025;5;19;0;21;0;0;0;0;0;1;0;0;0;0;0,5;-0,866025404;0;1;868;6,767343125;2;4,5;1,8;10;3,5;99;62;0;0
2025-05-20 00:00:00;2025;5;20;1;21;0;0;0;0;0;0;1;0;0;0;0,5;-0,866025404;0,951056516;0,309016994;869;6,768493212;2;4,5;1,8;10;3,5;115;54;0;0
2025-05-21 00:00:00;2025;5;21;2;21;0;0;0;0;0;0;0;1;0;0;0,5;-0,866025404;0,587785252;-0,809016994;870;6,769641977;2;4,5;1,8;10;3,5;119;61;0;0
2025-05-22 00:00:00;2025;5;22;3;21;0;0;0;0;0;0;0;0;1;0;0,5;-0,866025404;-0,587785252;-0,809016994;871;6,770789424;2;4,5;1,8;10;3,5;81;0;0;0
2025-05-26 00:00:00;2025;5;26;0;22;0;0;0;0;1;1;0;0;0;0;0,5;-0,866025404;0;1;875;6,775366091;2;4,5;1,8;10;3,5;81;97;0;0
2025-05-27 00:00:00;2025;5;27;1;22;0;0;0;0;1;0;1;0;0;0;0,5;-0,866025404;0,951056516;0,309016994;876;6,776506992;2;4,5;1,8;10;3,5;124;54;0;0
2025-05-28 00:00:00;2025;5;28;2;22;0;0;0;0;1;0;0;1;0;0;0,5;-0,866025404;0,587785252;-0,809016994;877;6,777646594;2;4,5;1,8;10;3,5;100;0;0;0
2025-05-29 00:00:00;2025;5;29;3;22;0;0;0;0;1;0;0;0;1;0;0,5;-0,866025404;-0,587785252;-0,809016994;878;6,778784898;2;4,5;1,8;10;3,5;129;66;0;0
2025-05-30 00:00:00;2025;5;30;4;22;0;0;0;0;1;0;0;0;0;1;0,5;-0,866025404;-0,951056516;0,309016994;879;6,779921907;2;4,5;1,8;10;3,5;92;74;0;0
2025-06-02 00:00:00;2025;6;2;0;23;0;0;1;0;0;1;0;0;0;0;1,22465E-16;-1;0;1;882;6,783325201;2;4,5;1,8;10;3,5;97;87;0;0
2025-06-03 00:00:00;2025;6;3;1;23;0;0;1;0;0;0;1;0;0;0;1,22465E-16;-1;0,951056516;0,309016994;883;6,784457063;2;4,5;1,8;10;3,5;113;84;0;0
2025-06-04 00:00:00;2025;6;4;2;23;0;0;1;0;0;0;0;1;0;0;1,22465E-16;-1;0,587785252;-0,809016994;884;6,785587645;2;4,5;1,8;10;3,5;104;59;0;0
2025-06-05 00:00:00;2025;6;5;3;23;0;0;1;0;0;0;0;0;1;0;1,22465E-16;-1;-0,587785252;-0,809016994;885;6,786716951;2;4,5;1,8;10;3,5;101;67;0;0
2025-06-06 00:00:00;2025;6;6;4;23;0;0;0;0;0;0;0;0;0;1;1,22465E-16;-1;-0,951056516;0,309016994;886;6,787844982;2;4,5;1,8;10;3,5;87;90;0;0
2025-06-09 00:00:00;2025;6;9;0;24;0;0;0;0;0;1;0;0;0;0;1,22465E-16;-1;0;1;889;6,791221463;2;4,5;1,8;10;3,5;118;69;0;0
2025-06-10 00:00:00;2025;6;10;1;24;0;0;0;0;0;0;1;0;0;0;1,22465E-16;-1;0,951056516;0,309016994;890;6,792344427;2;4,5;1,8;10;3,5;151;59;0;0
2025-06-11 00:00:00;2025;6;11;2;24;0;0;0;0;0;0;0;1;0;0;1,22465E-16;-1;0,587785252;-0,809016994;891;6,793466133;2;4,5;1,8;10;3,5;126;44;0;0
2025-06-12 00:00:00;2025;6;12;3;24;0;0;0;0;0;0;0;0;1;0;1,22465E-16;-1;-0,587785252;-0,809016994;892;6,794586581;2;4,5;1,8;10;3,5;134;51;0;0
2025-06-13 00:00:00;2025;6;13;4;24;0;0;0;1;0;0;0;0;0;1;1,22465E-16;-1;-0,951056516;0,309016994;893;6,795705775;2;4,5;1,8;10;3,5;88;97;0;0
2025-06-16 00:00:00;2025;6;16;0;25;0;0;0;1;0;1;0;0;0;0;1,22465E-16;-1;0;1;896;6,799055862;2;4,5;1,8;10;3,5;101;72;0;0
2025-06-17 00:00:00;2025;6;17;1;25;0;0;0;1;0;0;1;0;0;0;1,22465E-16;-1;0,951056516;0,309016994;897;6,800170068;2;4,5;1,8;10;3,5;95;76;0;0
2025-06-18 00:00:00;2025;6;18;2;25;0;0;0;0;0;0;0;1;0;0;1,22465E-16;-1;0,587785252;-0,809016994;898;6,801283034;2;4,5;1,8;10;3,5;106;72;0;0
2025-06-19 00:00:00;2025;6;19;3;25;0;0;0;0;0;0;0;0;1;0;1,22465E-16;-1;-0,587785252;-0,809016994;899;6,802394763;2;4,5;1,8;10;3,5;129;49;0;0
2025-06-20 00:00:00;2025;6;20;4;25;0;0;0;0;0;0;0;0;0;1;1,22465E-16;-1;-0,951056516;0,309016994;900;6,803505258;2;4,5;1,8;10;3,5;102;71;0;0
2025-06-23 00:00:00;2025;6;23;0;26;0;0;0;0;0;1;0;0;0;0;1,22465E-16;-1;0;1;903;6,80682936;2;4,5;1,8;10;3,5;112;93;0;0
2025-06-24 00:00:00;2025;6;24;1;26;0;0;0;0;0;0;1;0;0;0;1,22465E-16;-1;0,951056516;0,309016994;904;6,807934944;2;4,5;1,8;10;3,5;100;65;0;0
2025-06-25 00:00:00;2025;6;25;2;26;0;0;0;0;1;0;0;1;0;0;1,22465E-16;-1;0,587785252;-0,809016994;905;6,809039306;2;4,5;1,8;10;3,5;118;67;0;0
2025-06-26 00:00:00;2025;6;26;3;26;0;0;0;0;1;0;0;0;1;0;1,22465E-16;-1;-0,587785252;-0,809016994;906;6,81014245;2;4,5;1,8;10;3,5;131;73;0;0
2025-06-27 00:00:00;2025;6;27;4;26;0;0;0;0;1;0;0;0;0;1;1,22465E-16;-1;-0,951056516;0,309016994;907;6,811244379;2;4,5;1,8;10;3,5;109;65;0;0
2025-06-30 00:00:00;2025;6;30;0;27;0;0;0;0;1;1;0;0;0;0;1,22465E-16;-1;0;1;910;6,814542897;2;4,5;1,8;10;3,5;101;70;0;0
2025-07-01 00:00:00;2025;7;1;1;27;0;0;1;0;0;0;1;0;0;0;-0,5;-0,866025404;0,951056516;0,309016994;911;6,81563999;2;5;1,8;10;3,5;89;63;0;0
2025-07-02 00:00:00;2025;7;2;2;27;0;0;1;0;0;0;0;1;0;0;-0,5;-0,866025404;0,587785252;-0,809016994;912;6,816735881;2;5;1,8;10;3,5;137;54;0;0
2025-07-03 00:00:00;2025;7;3;3;27;0;0;1;0;0;0;0;0;1;0;-0,5;-0,866025404;-0,587785252;-0,809016994;913;6,817830571;2;5;1,8;10;3,5;101;0;0;0
2025-07-04 00:00:00;2025;7;4;4;27;0;0;1;0;0;0;0;0;0;1;-0,5;-0,866025404;-0,951056516;0,309016994;914;6,818924065;2;5;1,8;10;3,5;115;68;0;0
2025-07-07 00:00:00;2025;7;7;0;28;0;0;0;0;0;1;0;0;0;0;-0,5;-0,866025404;0;1;917;6,822197391;2;5;1,8;10;3,5;98;89;0;0
2025-07-08 00:00:00;2025;7;8;1;28;0;0;0;0;0;0;1;0;0;0;-0,5;-0,866025404;0,951056516;0,309016994;918;6,823286122;2;5;1,8;10;3,5;140;0;0;0
2025-07-09 00:00:00;2025;7;9;2;28;0;0;0;0;0;0;0;1;0;0;-0,5;-0,866025404;0,587785252;-0,809016994;919;6,82437367;2;5;1,8;10;3,5;113;69;0;0
2025-07-10 00:00:00;2025;7;10;3;28;0;0;0;0;0;0;0;0;1;0;-0,5;-0,866025404;-0,587785252;-0,809016994;920;6,825460036;2;5;1,8;10;3,5;122;65;0;0
2025-07-11 00:00:00;2025;7;11;4;28;0;0;0;0;0;0;0;0;0;1;-0,5;-0,866025404;-0,951056516;0,309016994;921;6,826545224;2;5;1,8;10;3,5;94;91;0;0
2025-07-14 00:00:00;2025;7;14;0;29;0;0;0;1;0;1;0;0;0;0;-0,5;-0,866025404;0;1;924;6,829793738;2;5;1,8;10;3,5;107;73;0;0
2025-07-15 00:00:00;2025;7;15;1;29;0;0;0;1;0;0;1;0;0;0;-0,5;-0,866025404;0,951056516;0,309016994;925;6,830874235;2;5;1,8;10;3,5;92;73;0;0
2025-07-16 00:00:00;2025;7;16;2;29;0;0;0;1;0;0;0;1;0;0;-0,5;-0,866025404;0,587785252;-0,809016994;926;6,831953566;2;5;1,8;10;3,5;100;71;0;0
2025-07-17 00:00:00;2025;7;17;3;29;0;0;0;1;0;0;0;0;1;0;-0,5;-0,866025404;-0,587785252;-0,809016994;927;6,833031733;2;5;1,8;10;3,5;111;67;0;0
2025-07-18 00:00:00;2025;7;18;4;29;0;0;0;0;0;0;0;0;0;1;-0,5;-0,866025404;-0,951056516;0,309016994;928;6,834108739;2;5;1,8;10;3,5;87;103;0;0
2025-07-21 00:00:00;2025;7;21;0;30;0;0;0;0;0;1;0;0;0;0;-0,5;-0,866025404;0;1;931;6,837332815;2;5;1,8;10;3,5;104;0;0;0
2025-07-22 00:00:00;2025;7;22;1;30;0;0;0;0;0;0;1;0;0;0;-0,5;-0,866025404;0,951056516;0,309016994;932;6,838405201;2;5;1,8;10;3,5;108;68;0;0
2025-07-23 00:00:00;2025;7;23;2;30;0;0;0;0;0;0;0;1;0;0;-0,5;-0,866025404;0,587785252;-0,809016994;933;6,839476438;2;5;1,8;10;3,5;104;78;0;0
2025-07-24 00:00:00;2025;7;24;3;30;0;0;0;0;0;0;0;0;1;0;-0,5;-0,866025404;-0,587785252;-0,809016994;934;6,840546529;2;5;1,8;10;3,5;109;65;0;0
2025-07-25 00:00:00;2025;7;25;4;30;0;0;0;0;1;0;0;0;0;1;-0,5;-0,866025404;-0,951056516;0,309016994;935;6,841615476;2;5;1,8;10;3,5;105;74;0;0
2025-07-28 00:00:00;2025;7;28;0;31;0;0;0;0;1;1;0;0;0;0;-0,5;-0,866025404;0;1;938;6,844815479;2;5;1,8;10;3,5;114;73;0;0
2025-07-29 00:00:00;2025;7;29;1;31;0;0;0;0;1;0;1;0;0;0;-0,5;-0,866025404;0,951056516;0,309016994;939;6,845879875;2;5;1,8;10;3,5;107;65;0;0
2025-07-30 00:00:00;2025;7;30;2;31;0;0;0;0;1;0;0;1;0;0;-0,5;-0,866025404;0,587785252;-0,809016994;940;6,84694314;2;5;1,8;10;3,5;108;73;0;0
2025-07-31 00:00:00;2025;7;31;3;31;0;0;0;0;1;0;0;0;1;0;-0,5;-0,866025404;-0,587785252;-0,809016994;941;6,848005275;2;5;1,8;10;3,5;101;42;0;0
2025-08-01 00:00:00;2025;8;1;4;31;0;0;1;0;0;0;0;0;0;1;-0,866025404;-0,5;-0,951056516;0,309016994;942;6,849066283;2;5;1,8;10;3,5;94;96;0;0
2025-08-04 00:00:00;2025;8;4;0;32;0;0;1;0;0;1;0;0;0;0;-0,866025404;-0,5;0;1;945;6,852242569;2;5;1,8;10;3,5;97;85;0;0
2025-08-05 00:00:00;2025;8;5;1;32;0;0;1;0;0;0;1;0;0;0;-0,866025404;-0,5;0,951056516;0,309016994;946;6,853299093;2;5;1,8;10;3,5;98;59;0;0
2025-08-06 00:00:00;2025;8;6;2;32;0;0;0;0;0;0;0;1;0;0;-0,866025404;-0,5;0,587785252;-0,809016994;947;6,854354502;2;5;1,8;10;3,5;107;74;0;0
2025-08-07 00:00:00;2025;8;7;3;32;0;0;0;0;0;0;0;0;1;0;-0,866025404;-0,5;-0,587785252;-0,809016994;948;6,855408799;2;5;1,8;10;3,5;110;62;0;0
2025-08-08 00:00:00;2025;8;8;4;32;0;0;0;0;0;0;0;0;0;1;-0,866025404;-0,5;-0,951056516;0,309016994;949;6,856461985;2;5;2;10;3,5;82;100;0;0
2025-08-12 00:00:00;2025;8;12;1;33;0;0;0;0;0;0;1;0;0;0;-0,866025404;-0,5;0,951056516;0,309016994;953;6,860663671;2;5;1,8;10;3,5;101;80;0;0
2025-08-13 00:00:00;2025;8;13;2;33;0;0;0;1;0;0;0;1;0;0;-0,866025404;-0,5;0,587785252;-0,809016994;954;6,86171134;2;5;1,8;10;3,5;125;68;0;0
2025-08-14 00:00:00;2025;8;14;3;33;0;0;0;1;0;0;0;0;1;0;-0,866025404;-0,5;-0,587785252;-0,809016994;955;6,862757913;2;5;1,8;10;3,5;103;79;0;0
2025-08-15 00:00:00;2025;8;15;4;33;0;0;0;1;0;0;0;0;0;1;-0,866025404;-0,5;-0,951056516;0,309016994;956;6,863803391;2;5;1,8;10;3,5;111;61;0;0
2025-08-18 00:00:00;2025;8;18;0;34;0;0;0;0;0;1;0;0;0;0;-0,866025404;-0,5;0;1;959;6,866933284;2;5;1,8;10;3,5;120;66;0;0
2025-08-19 00:00:00;2025;8;19;1;34;0;0;0;0;0;0;1;0;0;0;-0,866025404;-0,5;0,951056516;0,309016994;960;6,867974409;2;5;1,8;10;3,5;96;158;0;0
2025-08-21 00:00:00;2025;8;21;3;34;0;0;0;0;0;0;0;0;1;0;-0,866025404;-0,5;-0,587785252;-0,809016994;962;6,870053412;2;5;1,8;10;3,5;96;75;0;0
2025-08-22 00:00:00;2025;8;22;4;34;0;0;0;0;0;0;0;0;0;1;-0,866025404;-0,5;-0,951056516;0,309016994;963;6,871091295;2;5;1,8;10;3,5;98;35;0;0
2025-08-25 00:00:00;2025;8;25;0;35;0;0;0;0;1;1;0;0;0;0;-0,866025404;-0,5;0;1;966;6,874198495;2;5;1,8;10;3,5;113;77;0;0
2025-08-26 00:00:00;2025;8;26;1;35;0;0;0;0;1;0;1;0;0;0;-0,866025404;-0,5;0,951056516;0,309016994;967;6,875232087;2;5;1,8;10;3,5;139;70;0;0
2025-08-27 00:00:00;2025;8;27;2;35;0;0;0;0;1;0;0;1;0;0;-0,866025404;-0,5;0,587785252;-0,809016994;968;6,876264612;2;5;1,8;10;3,5;127;44;0;0
2025-08-28 00:00:00;2025;8;28;3;35;0;0;0;0;1;0;0;0;1;0;-0,866025404;-0,5;-0,587785252;-0,809016994;969;6,877296071;2;5;1,8;10;3,5;93;71;0;0
2025-08-29 00:00:00;2025;8;29;4;35;0;0;0;0;1;0;0;0;0;1;-0,866025404;-0,5;-0,951056516;0,309016994;970;6,878326468;2;5;1,8;10;3,5;100;86;0;0
2025-09-01 00:00:00;2025;9;1;0;36;0;0;1;0;0;1;0;0;0;0;-1;-1,83697E-16;0;1;973;6,881411304;2;5;1,8;10;3,5;95;79;0;0
2025-09-02 00:00:00;2025;9;2;1;36;0;0;1;0;0;0;1;0;0;0;-1;-1,83697E-16;0,951056516;0,309016994;974;6,882437471;2;5;1,8;10;3,5;99;77;0;0
2025-09-03 00:00:00;2025;9;3;2;36;0;0;1;0;0;0;0;1;0;0;-1;-1,83697E-16;0,587785252;-0,809016994;975;6,883462586;2;5;1,8;10;3,5;125;45;0;0
2025-09-04 00:00:00;2025;9;4;3;36;0;0;1;0;0;0;0;0;1;0;-1;-1,83697E-16;-0,587785252;-0,809016994;976;6,884486652;2;5;1,8;10;3,5;101;79;0;0
2025-09-05 00:00:00;2025;9;5;4;36;0;0;1;0;0;0;0;0;0;1;-1;-1,83697E-16;-0,951056516;0,309016994;977;6,88550967;2;5;1,8;10;3,5;90;79;0;0
2025-09-08 00:00:00;2025;9;8;0;37;0;0;0;0;0;1;0;0;0;0;-1;-1,83697E-16;0;1;980;6,88857246;2;5;1,8;10;3,5;110;76;0;0
2025-09-09 00:00:00;2025;9;9;1;37;0;0;0;0;0;0;1;0;0;0;-1;-1,83697E-16;0,951056516;0,309016994;981;6,889591308;2;5;1,8;10;3,5;112;76;0;0
2025-09-10 00:00:00;2025;9;10;2;37;0;0;0;0;0;0;0;1;0;0;-1;-1,83697E-16;0,587785252;-0,809016994;982;6,89060912;2;5;1,8;10;3,5;111;86;0;0
2025-09-11 00:00:00;2025;9;11;3;37;0;0;0;0;0;0;0;0;1;0;-1;-1,83697E-16;-0,587785252;-0,809016994;983;6,891625897;2;5;1,8;10;3,5;136;54;0;0
2025-09-12 00:00:00;2025;9;12;4;37;0;0;0;0;0;0;0;0;0;1;-1;-1,83697E-16;-0,951056516;0,309016994;984;6,892641641;2;5;1,8;10;3,5;96;0;0;0
2025-09-15 00:00:00;2025;9;15;0;38;0;0;0;1;0;1;0;0;0;0;-1;-1,83697E-16;0;1;987;6,895682698;2;5;1,8;10;3,5;109;77;0;0
2025-09-16 00:00:00;2025;9;16;1;38;0;0;0;1;0;0;1;0;0;0;-1;-1,83697E-16;0,951056516;0,309016994;988;6,896694332;2;5;1,8;10;3,5;104;76;0;0
2025-09-17 00:00:00;2025;9;17;2;38;0;0;0;1;0;0;0;1;0;0;-1;-1,83697E-16;0,587785252;-0,809016994;989;6,897704943;2;5;1,8;10;3,5;130;50;0;0
2025-09-18 00:00:00;2025;9;18;3;38;0;0;0;0;0;0;0;0;1;0;-1;-1,83697E-16;-0,587785252;-0,809016994;990;6,898714534;2;5;1,8;10;3,5;103;83;0;0
2025-09-19 00:00:00;2025;9;19;4;38;0;0;0;0;0;0;0;0;0;1;-1;-1,83697E-16;-0,951056516;0,309016994;991;6,899723107;2;5;1,8;10;3,5;98;77;0;0
2025-09-22 00:00:00;2025;9;22;0;39;0;0;0;0;0;1;0;0;0;0;-1;-1,83697E-16;0;1;994;6,902742737;2;5;1,8;10;3,5;94;90;0;0
2025-09-23 00:00:00;2025;9;23;1;39;0;0;0;0;0;0;1;0;0;0;-1;-1,83697E-16;0,951056516;0,309016994;995;6,903747258;2;5;1,8;10;3,5;114;52;0;0
2025-09-24 00:00:00;2025;9;24;2;39;0;0;0;0;0;0;0;1;0;0;-1;-1,83697E-16;0,587785252;-0,809016994;996;6,90475077;2;5;1,8;10;3,5;126;51;0;0
2025-09-25 00:00:00;2025;9;25;3;39;0;0;0;0;1;0;0;0;1;0;-1;-1,83697E-16;-0,587785252;-0,809016994;997;6,905753276;2;5;1,8;10;3,5;120;62;0;0
2025-09-26 00:00:00;2025;9;26;4;39;0;0;0;0;1;0;0;0;0;1;-1;-1,83697E-16;-0,951056516;0,309016994;998;6,906754779;2;5;1,8;10;3,5;80;94;0;0
2025-09-29 00:00:00;2025;9;29;0;40;0;0;0;0;1;1;0;0;0;0;-1;-1,83697E-16;0;1;1001;6,909753282;2;5;1,8;10;3,5;88;102;0;0
2025-09-30 00:00:00;2025;9;30;1;40;0;0;0;0;1;0;1;0;0;0;-1;-1,83697E-16;0,951056516;0,309016994;1002;6,910750788;2;5;1,8;10;3,5;138;0;0;0
2025-10-01 00:00:00;2025;10;1;2;40;0;1;1;0;0;0;0;1;0;0;-0,866025404;0,5;0,587785252;-0,809016994;1003;6,9117473;2;5;2;10;3,5;119;74;0;0
2025-10-02 00:00:00;2025;10;2;3;40;0;1;1;0;0;0;0;0;1;0;-0,866025404;0,5;-0,587785252;-0,809016994;1004;6,91274282;2;5;1,8;10;3,5;79;107;0;32
2025-10-03 00:00:00;2025;10;3;4;40;0;1;1;0;0;0;0;0;0;1;-0,866025404;0,5;-0,951056516;0,309016994;1005;6,913737351;2;5;1,8;10;3,5;82;85;0;26
2025-10-06 00:00:00;2025;10;6;0;41;0;1;0;0;0;1;0;0;0;0;-0,866025404;0,5;0;1;1008;6,91671502;2;5;1,8;10;3,5;113;65;0;32
2025-10-07 00:00:00;2025;10;7;1;41;0;1;0;0;0;0;1;0;0;0;-0,866025404;0,5;0,951056516;0,309016994;1009;6,91770561;2;5;1,8;10;3,5;127;58;0;28
2025-10-08 00:00:00;2025;10;8;2;41;0;1;0;0;0;0;0;1;0;0;-0,866025404;0,5;0,587785252;-0,809016994;1010;6,918695219;2;5;1,8;10;3,5;103;80;0;33
2025-10-09 00:00:00;2025;10;9;3;41;0;1;0;0;0;0;0;0;1;0;-0,866025404;0,5;-0,587785252;-0,809016994;1011;6,91968385;2;5;1,8;10;3,5;102;68;0;26
2025-10-13 00:00:00;2025;10;13;0;42;0;1;0;1;0;1;0;0;0;0;-0,866025404;0,5;0;1;1015;6,923628628;2;5;1,8;10;3,5;105;89;0;30
2025-10-14 00:00:00;2025;10;14;1;42;0;1;0;1;0;0;1;0;0;0;-0,866025404;0,5;0,951056516;0,309016994;1016;6,924612396;2;5;1,8;10;3,5;113;74;0;33
2025-10-15 00:00:00;2025;10;15;2;42;0;1;0;1;0;0;0;1;0;0;-0,866025404;0,5;0,587785252;-0,809016994;1017;6,925595197;2;5;1,8;10;3,5;101;63;0;29
2025-10-16 00:00:00;2025;10;16;3;42;0;1;0;1;0;0;0;0;1;0;-0,866025404;0,5;-0,587785252;-0,809016994;1018;6,926577033;2;5;1,8;10;3,5;125;0;0;34
2025-10-17 00:00:00;2025;10;17;4;42;0;1;0;1;0;0;0;0;0;1;-0,866025404;0,5;-0,951056516;0,309016994;1019;6,927557906;2;5;1,8;10;3,5;101;77;0;46
2025-10-20 00:00:00;2025;10;20;0;43;0;1;0;0;0;1;0;0;0;0;-0,866025404;0,5;0;1;1022;6,930494766;2;5;1,8;10;3,5;90;76;0;28
2025-10-21 00:00:00;2025;10;21;1;43;0;1;0;0;0;0;1;0;0;0;-0,866025404;0,5;0,951056516;0,309016994;1023;6,931471806;2;5;1,8;10;3,5;135;55;0;29
2025-10-22 00:00:00;2025;10;22;2;43;0;1;0;0;0;0;0;1;0;0;-0,866025404;0,5;0,587785252;-0,809016994;1024;6,932447892;2;5;1,8;10;3,5;135;53;0;31
2025-10-23 00:00:00;2025;10;23;3;43;0;1;0;0;0;0;0;0;1;0;-0,866025404;0,5;-0,587785252;-0,809016994;1025;6,933423026;2;5;1,8;10;3,5;124;53;0;45
2025-10-24 00:00:00;2025;10;24;4;43;0;1;0;0;0;0;0;0;0;1;-0,866025404;0,5;-0,951056516;0,309016994;1026;6,93439721;2;5;1,8;10;3,5;92;0;0;29
2025-10-27 00:00:00;2025;10;27;0;44;0;1;0;0;1;1;0;0;0;0;-0,866025404;0,5;0;1;1029;6,937314081;2;5;1,8;10;3,5;99;59;0;27
2025-10-28 00:00:00;2025;10;28;1;44;0;1;0;0;1;0;1;0;0;0;-0,866025404;0,5;0,951056516;0,309016994;1030;6,938284484;2;5;1,8;10;3,5;103;49;0;31
2025-10-29 00:00:00;2025;10;29;2;44;0;1;0;0;1;0;0;1;0;0;-0,866025404;0,5;0,587785252;-0,809016994;1031;6,939253946;2;5;1,8;10;3,5;130;47;0;29
2025-10-30 00:00:00;2025;10;30;3;44;0;1;0;0;1;0;0;0;1;0;-0,866025404;0,5;-0,587785252;-0,809016994;1032;6,940222469;2;5;1,8;10;3,5;130;50;0;32
2025-10-31 00:00:00;2025;10;31;4;44;0;1;0;0;1;0;0;0;0;1;-0,866025404;0,5;-0,951056516;0,309016994;1033;6,941190055;2;5;1,8;10;3,5;108;70;0;28
2025-11-05 00:00:00;2025;11;5;2;45;0;0;1;0;0;0;0;1;0;0;-0,5;0,866025404;0,587785252;-0,809016994;1038;6,946013991;2;5;1,8;10;3,5;81;96;0;0
2025-11-06 00:00:00;2025;11;6;3;45;0;0;0;0;0;0;0;0;1;0;-0,5;0,866025404;-0,587785252;-0,809016994;1039;6,946975992;2;5;1,8;10;3,5;99;70;0;0
2025-11-07 00:00:00;2025;11;7;4;45;0;0;0;0;0;0;0;0;0;1;-0,5;0,866025404;-0,951056516;0,309016994;1040;6,947937069;2;5;1,8;10;3,5;99;88;0;0
2025-11-10 00:00:00;2025;11;10;0;46;0;0;0;0;0;1;0;0;0;0;-0,5;0,866025404;0;1;1043;6,950814768;2;5;1,8;10;3,5;90;0;0;0
2025-11-11 00:00:00;2025;11;11;1;46;0;0;0;0;0;0;1;0;0;0;-0,5;0,866025404;0,951056516;0,309016994;1044;6,951772164;2;5;1,8;10;3,5;109;65;0;0
2025-11-12 00:00:00;2025;11;12;2;46;0;0;0;0;0;0;0;1;0;0;-0,5;0,866025404;0,587785252;-0,809016994;1045;6,952728645;2;5;1,8;10;3,5;116;59;0;0
2025-11-13 00:00:00;2025;11;13;3;46;0;0;0;1;0;0;0;0;1;0;-0,5;0,866025404;-0,587785252;-0,809016994;1046;6,953684211;2;5;1,8;10;3,5;112;76;0;0
2025-11-14 00:00:00;2025;11;14;4;46;0;0;0;1;0;0;0;0;0;1;-0,5;0,866025404;-0,951056516;0,309016994;1047;6,954638865;2;5;1,8;10;3,5;85;92;0;0
2025-11-17 00:00:00;2025;11;17;0;47;0;0;0;1;0;1;0;0;0;0;-0,5;0,866025404;0;1;1050;6,957497371;2;5;1,8;10;3,5;79;95;0;0
2025-11-18 00:00:00;2025;11;18;1;47;0;0;0;0;0;0;1;0;0;0;-0,5;0,866025404;0,951056516;0,309016994;1051;6,958448393;2;5;1,8;10;3,5;115;35;0;0
2025-11-19 00:00:00;2025;11;19;2;47;0;0;0;0;0;0;0;1;0;0;-0,5;0,866025404;0,587785252;-0,809016994;1052;6,959398512;2;5;1,8;10;3,5;130;64;0;0
2025-11-20 00:00:00;2025;11;20;3;47;0;0;0;0;0;0;0;0;1;0;-0,5;0,866025404;-0,587785252;-0,809016994;1053;6,960347729;2;5;1,8;10;3,5;119;44;0;0
2025-11-24 00:00:00;2025;11;24;0;48;0;0;0;0;0;1;0;0;0;0;-0,5;0,866025404;0;1;1057;6,964135612;2;5;1,8;10;3,5;114;71;0;0
2025-11-25 00:00:00;2025;11;25;1;48;0;0;0;0;1;0;1;0;0;0;-0,5;0,866025404;0,951056516;0,309016994;1058;6,965080346;2;5;1,8;10;3,5;113;49;0;0
2025-11-26 00:00:00;2025;11;26;2;48;0;0;0;0;1;0;0;1;0;0;-0,5;0,866025404;0,587785252;-0,809016994;1059;6,966024187;2;5;1,8;10;3,5;136;0;0;0
2025-11-27 00:00:00;2025;11;27;3;48;0;0;0;0;1;0;0;0;1;0;-0,5;0,866025404;-0,587785252;-0,809016994;1060;6,966967139;2;5;1,8;10;3,5;111;70;0;0
2025-11-28 00:00:00;2025;11;28;4;48;0;0;0;0;1;0;0;0;0;1;-0,5;0,866025404;-0,951056516;0,309016994;1061;6,967909202;2;5;1,8;10;3,5;105;90;0;0
2025-12-01 00:00:00;2025;12;1;0;49;0;0;1;0;0;1;0;0;0;0;-2,44929E-16;1;0;1;1064;6,970730078;2;5;1,8;10;3,5;0;86;0;0
2025-12-02 00:00:00;2025;12;2;1;49;0;0;1;0;0;0;1;0;0;0;-2,44929E-16;1;0,951056516;0,309016994;1065;6,971668605;2;5;1,8;10;3,5;117;75;0;0
2025-12-03 00:00:00;2025;12;3;2;49;0;0;1;0;0;0;0;1;0;0;-2,44929E-16;1;0,587785252;-0,809016994;1066;6,972606251;2;5;1,8;10;3,5;103;77;0;0
2025-12-04 00:00:00;2025;12;4;3;49;0;0;1;0;0;0;0;0;1;0;-2,44929E-16;1;-0,587785252;-0,809016994;1067;6,97354302;2;5;1,8;10;3,5;125;0;0;0
2025-12-05 00:00:00;2025;12;5;4;49;0;0;1;0;0;0;0;0;0;1;-2,44929E-16;1;-0,951056516;0,309016994;1068;6,974478911;2;5;1,8;10;3,5;86;93;0;0
2025-12-08 00:00:00;2025;12;8;0;50;0;0;0;0;0;1;0;0;0;0;-2,44929E-16;1;0;1;1071;6,977281342;2;5;1,8;10;3,5;86;70;0;0
2025-12-09 00:00:00;2025;12;9;1;50;0;0;0;0;0;0;1;0;0;0;-2,44929E-16;1;0,951056516;0,309016994;1072;6,978213743;2;5;1,8;10;3,5;98;0;0;0
2025-12-10 00:00:00;2025;12;10;2;50;0;0;0;0;0;0;0;1;0;0;-2,44929E-16;1;0,587785252;-0,809016994;1073;6,979145275;2;5;1,8;10;3,5;109;61;0;0
2025-12-11 00:00:00;2025;12;11;3;50;0;0;0;0;0;0;0;0;1;0;-2,44929E-16;1;-0,587785252;-0,809016994;1074;6,980075941;2;5;1,8;10;3,5;108;70;0;0
2025-12-12 00:00:00;2025;12;12;4;50;0;0;0;0;0;0;0;0;0;1;-2,44929E-16;1;-0,951056516;0,309016994;1075;6,981005741;2;5;1,8;10;3,5;92;83;0;0
2025-12-15 00:00:00;2025;12;15;0;51;0;0;0;1;0;1;0;0;0;0;-2,44929E-16;1;0;1;1078;6,983789965;2;5;1,8;10;3,5;93;73;0;0
2025-12-16 00:00:00;2025;12;16;1;51;0;0;0;1;0;0;1;0;0;0;-2,44929E-16;1;0,951056516;0,309016994;1079;6,98471632;2;5;1,8;10;3,5;97;0;0;0
2025-12-17 00:00:00;2025;12;17;2;51;0;0;0;1;0;0;0;1;0;0;-2,44929E-16;1;0,587785252;-0,809016994;1080;6,985641818;2;5;1,8;10;3,5;133;47;0;0
2025-12-18 00:00:00;2025;12;18;3;51;0;0;0;0;0;0;0;0;1;0;-2,44929E-16;1;-0,587785252;-0,809016994;1081;6,986566459;2;5;2;10;3,5;97;69;0;0
2025-12-19 00:00:00;2025;12;19;4;51;0;0;0;0;0;0;0;0;0;1;-2,44929E-16;1;-0,951056516;0,309016994;1082;6,987490247;2;5;1,8;10;3,5;75;87;0;0
2025-12-22 00:00:00;2025;12;22;0;52;0;0;0;0;0;1;0;0;0;0;-2,44929E-16;1;0;1;1085;6,9902565;2;5;1,8;10;3,5;88;99;0;0
2025-12-24 00:00:00;2025;12;24;2;52;0;0;0;0;0;0;0;1;0;0;-2,44929E-16;1;0,587785252;-0,809016994;1087;6,992096427;2;5;1,8;10;3,5;85;91;0;0
2025-12-26 00:00:00;2025;12;26;4;52;0;0;0;0;1;0;0;0;0;1;-2,44929E-16;1;-0,951056516;0,309016994;1089;6,993932975;2;5;1,8;10;3,5;95;75;0;0
2025-12-29 00:00:00;2025;12;29;0;1;0;0;0;0;1;1;0;0;0;0;-2,44929E-16;1;0;1;1092;6,996681488;2;5;1,8;10;3,5;102;87;0;0
2025-12-30 00:00:00;2025;12;30;1;1;0;0;0;0;1;0;1;0;0;0;-2,44929E-16;1;0,951056516;0,309016994;1093;6,997595983;2;5;1,8;10;3,5;102;0;0;0
2025-12-31 00:00:00;2025;12;31;2;1;0;0;0;0;1;0;0;1;0;0;-2,44929E-16;1;0,587785252;-0,809016994;1094;6,998509642;2;5;1,8;10;3,5;114;58;0;0
